mean_fit_time,std_fit_time,mean_score_time,std_score_time,param_bootstrap,param_max_depth,param_min_samples_leaf,param_min_samples_split,param_n_estimators,params,split0_test_score,split1_test_score,split2_test_score,split3_test_score,split4_test_score,mean_test_score,std_test_score,rank_test_score,split0_train_score,split1_train_score,split2_train_score,split3_train_score,split4_train_score,mean_train_score,std_train_score
1.3378728389739991,0.18358379684366724,0.03624768257141113,0.0040964570490218824,True,,1,2,100,"{'bootstrap': True, 'max_depth': None, 'min_samples_leaf': 1, 'min_samples_split': 2, 'n_estimators': 100}",0.11254980079681275,0.10159362549800798,0.11166500498504486,0.11166500498504486,0.11166500498504486,0.10982768824999105,0.004131268194535078,29,1.323947171692001,1.3229504111637178,1.3238664673642253,1.3238664673642253,1.3238664673642253,1.3236993969896789,0.0003757950507270353
2.726527786254883,0.29778728655706804,0.06080894470214844,0.005916766287426858,True,,1,2,200,"{'bootstrap': True, 'max_depth': None, 'min_samples_leaf': 1, 'min_samples_split': 2, 'n_estimators': 200}",0.11254980079681275,0.10159362549800798,0.11166500498504486,0.11166500498504486,0.11166500498504486,0.10982768824999105,0.004131268194535078,29,1.323947171692001,1.3229504111637178,1.3238664673642253,1.3238664673642253,1.3238664673642253,1.3236993969896789,0.0003757950507270353
6.6305074214935305,0.47479269442680166,0.14004745483398437,0.006728260541211559,True,,1,2,500,"{'bootstrap': True, 'max_depth': None, 'min_samples_leaf': 1, 'min_samples_split': 2, 'n_estimators': 500}",0.11254980079681275,0.10159362549800798,0.11166500498504486,0.11166500498504486,0.11166500498504486,0.10982768824999105,0.004131268194535078,29,1.323947171692001,1.3229504111637178,1.3238664673642253,1.3238664673642253,1.3238664673642253,1.3236993969896789,0.0003757950507270353
1.1528905391693116,0.10769070771228711,0.02994542121887207,0.004521878790065735,True,,1,5,100,"{'bootstrap': True, 'max_depth': None, 'min_samples_leaf': 1, 'min_samples_split': 5, 'n_estimators': 100}",0.11254980079681275,0.10159362549800798,0.11166500498504486,0.11166500498504486,0.11166500498504486,0.10982768824999105,0.004131268194535078,29,0.76700722651383,0.7772240219287316,0.7110114598903836,0.7745391131041355,0.7521175884404584,0.7563798819755079,0.02430488496653139
2.652207374572754,0.3351970909936733,0.06335287094116211,0.005388133814273581,True,,1,5,200,"{'bootstrap': True, 'max_depth': None, 'min_samples_leaf': 1, 'min_samples_split': 5, 'n_estimators': 200}",0.11254980079681275,0.10159362549800798,0.11166500498504486,0.11166500498504486,0.11166500498504486,0.10982768824999105,0.004131268194535078,29,0.7632693745327686,0.7547969100423623,0.763328350772297,0.7820129546586946,0.7521175884404584,0.7631050356893161,0.010462650003190773
5.559719800949097,0.19339471360649976,0.126418399810791,0.004599456783708254,True,,1,5,500,"{'bootstrap': True, 'max_depth': None, 'min_samples_leaf': 1, 'min_samples_split': 5, 'n_estimators': 500}",0.11254980079681275,0.10159362549800798,0.11166500498504486,0.11166500498504486,0.11166500498504486,0.10982768824999105,0.004131268194535078,29,0.7408422626463992,0.7473212060802392,0.7334329845540608,0.7446437468858994,0.7558545092177379,0.7444189418768673,0.007385523242425463
1.0407754898071289,0.04758555895990547,0.025835466384887696,0.002043829239663348,True,,1,10,100,"{'bootstrap': True, 'max_depth': None, 'min_samples_leaf': 1, 'min_samples_split': 10, 'n_estimators': 100}",0.11254980079681275,0.10159362549800798,0.11166500498504486,0.11166500498504486,0.11166500498504486,0.10982768824999105,0.004131268194535078,29,0.2250186892599053,0.22402192873162222,0.18036870951669157,0.22521175884404585,0.19531639262580966,0.20998749579561493,0.018693282424548346
2.142557668685913,0.05833172697295547,0.05435833930969238,0.0038155127684802287,True,,1,10,200,"{'bootstrap': True, 'max_depth': None, 'min_samples_leaf': 1, 'min_samples_split': 10, 'n_estimators': 200}",0.11254980079681275,0.10159362549800798,0.11166500498504486,0.11166500498504486,0.11166500498504486,0.10982768824999105,0.004131268194535078,29,0.19885372539247445,0.20907052080737604,0.1841056302939711,0.22147483806676632,0.1841056302939711,0.1995220689709118,0.014483624198022868
5.30717978477478,0.19656635504602807,0.12645139694213867,0.009950452019390205,True,,1,10,500,"{'bootstrap': True, 'max_depth': None, 'min_samples_leaf': 1, 'min_samples_split': 10, 'n_estimators': 500}",0.11254980079681275,0.10159362549800798,0.11166500498504486,0.11166500498504486,0.11166500498504486,0.10982768824999105,0.004131268194535078,29,0.19885372539247445,0.19785696486419138,0.18036870951669157,0.2027902341803687,0.17663178873941207,0.19130028453862763,0.010646385019017148
1.051997995376587,0.022541012384374382,0.027368545532226562,0.00401303242074092,True,,2,2,100,"{'bootstrap': True, 'max_depth': None, 'min_samples_leaf': 2, 'min_samples_split': 2, 'n_estimators': 100}",0.11254980079681275,0.10159362549800798,0.11166500498504486,0.11166500498504486,0.11166500498504486,0.10982768824999105,0.004131268194535078,29,0.4044355843508597,0.44081734363319214,0.4718485301444943,0.48679621325361233,0.4419531639262581,0.44917016706168333,0.028471266877147523
2.1206265926361083,0.06978010050841335,0.05302486419677734,0.003391156955156513,True,,2,2,200,"{'bootstrap': True, 'max_depth': None, 'min_samples_leaf': 2, 'min_samples_split': 2, 'n_estimators': 200}",0.11254980079681275,0.10159362549800798,0.11166500498504486,0.11166500498504486,0.11166500498504486,0.10982768824999105,0.004131268194535078,29,0.4044355843508597,0.42960378769000745,0.43447932237169906,0.48305929247633284,0.41953163926258097,0.43422192523029607,0.026493442554537606
5.244527530670166,0.05755069477320446,0.12147674560546876,0.005238177189147662,True,,2,2,500,"{'bootstrap': True, 'max_depth': None, 'min_samples_leaf': 2, 'min_samples_split': 2, 'n_estimators': 500}",0.11254980079681275,0.10159362549800798,0.11166500498504486,0.11166500498504486,0.11166500498504486,0.10982768824999105,0.004131268194535078,29,0.4119112883129828,0.44455519561425366,0.41953163926258097,0.44942700548081715,0.3746885899352267,0.42002274372117226,0.026786840789582208
1.067622137069702,0.029023601166501416,0.02792515754699707,0.0016994944158209037,True,,2,5,100,"{'bootstrap': True, 'max_depth': None, 'min_samples_leaf': 2, 'min_samples_split': 5, 'n_estimators': 100}",0.11254980079681275,0.10159362549800798,0.11166500498504486,0.11166500498504486,0.11166500498504486,0.10982768824999105,0.004131268194535078,29,0.34089210067281334,0.3697981559930227,0.34479322371699056,0.3709516691579472,0.33358246138515196,0.3520035221851851,0.015430287353649598
2.1190348625183106,0.08648589805232686,0.0515711784362793,0.0025676304542111483,True,,2,5,200,"{'bootstrap': True, 'max_depth': None, 'min_samples_leaf': 2, 'min_samples_split': 5, 'n_estimators': 200}",0.11254980079681275,0.10159362549800798,0.11166500498504486,0.11166500498504486,0.11166500498504486,0.10982768824999105,0.004131268194535078,29,0.32594069274856713,0.3548467480687765,0.32984554060787247,0.36721474838066764,0.2887394120577977,0.33331742837273626,0.027078440435113826
5.257535028457641,0.19109516586122616,0.12513928413391112,0.003332450732069636,True,,2,5,500,"{'bootstrap': True, 'max_depth': None, 'min_samples_leaf': 2, 'min_samples_split': 5, 'n_estimators': 500}",0.11254980079681275,0.10159362549800798,0.11166500498504486,0.11166500498504486,0.11166500498504486,0.10982768824999105,0.004131268194535078,29,0.29603787690007477,0.33989534014453027,0.3223716990533134,0.3560039860488291,0.29247633283507724,0.32135704699636497,0.024577486617553178
1.0388069152832031,0.03419294700911033,0.026577091217041014,0.0018855788120860925,True,,2,10,100,"{'bootstrap': True, 'max_depth': None, 'min_samples_leaf': 2, 'min_samples_split': 10, 'n_estimators': 100}",0.11254980079681275,0.10159362549800798,0.11166500498504486,0.11166500498504486,0.11166500498504486,0.10982768824999105,0.004131268194535078,29,0.16147520558185896,0.16421629703463742,0.13926258096661684,0.1654210264075735,0.13926258096661684,0.1539275381914607,0.012041993636902924
2.0925518035888673,0.08375458430945702,0.05106496810913086,0.003412894067745226,True,,2,10,200,"{'bootstrap': True, 'max_depth': None, 'min_samples_leaf': 2, 'min_samples_split': 10, 'n_estimators': 200}",0.11254980079681275,0.10159362549800798,0.11166500498504486,0.11166500498504486,0.11166500498504486,0.10982768824999105,0.004131268194535078,29,0.1502616496386743,0.14926488911039124,0.14673642252117589,0.1654210264075735,0.13926258096661684,0.15018931372888636,0.008534410478006571
5.174060440063476,0.09308359827292736,0.1248896598815918,0.0029936236548694043,True,,2,10,500,"{'bootstrap': True, 'max_depth': None, 'min_samples_leaf': 2, 'min_samples_split': 10, 'n_estimators': 500}",0.11254980079681275,0.10159362549800798,0.11166500498504486,0.11166500498504486,0.11166500498504486,0.10982768824999105,0.004131268194535078,29,0.15399950161973586,0.14178918514826813,0.13552566018933732,0.15794718485301446,0.15421026407573493,0.14869435917721813,0.008547287143591925
1.0327789783477783,0.03704644661143875,0.027363920211791994,0.002062168444265959,True,,4,2,100,"{'bootstrap': True, 'max_depth': None, 'min_samples_leaf': 4, 'min_samples_split': 2, 'n_estimators': 100}",0.11254980079681275,0.10159362549800798,0.11166500498504486,0.11166500498504486,0.11166500498504486,0.10982768824999105,0.004131268194535078,29,0.1502616496386743,0.13805133316720658,0.11684105630293971,0.13552566018933732,0.11310413552566019,0.13075676696476363,0.013868351644955153
2.0355568885803224,0.09419125689391868,0.05286493301391602,0.0076758879197828525,True,,4,2,200,"{'bootstrap': True, 'max_depth': None, 'min_samples_leaf': 4, 'min_samples_split': 2, 'n_estimators': 200}",0.11254980079681275,0.10159362549800798,0.11166500498504486,0.11166500498504486,0.11166500498504486,0.10982768824999105,0.004131268194535078,29,0.1427859456765512,0.13805133316720658,0.11684105630293971,0.13926258096661684,0.11310413552566019,0.1300090103277949,0.012431632301543007
5.016128444671631,0.25314686131597247,0.12623205184936523,0.009283131943224643,True,,4,2,500,"{'bootstrap': True, 'max_depth': None, 'min_samples_leaf': 4, 'min_samples_split': 2, 'n_estimators': 500}",0.11254980079681275,0.10159362549800798,0.11166500498504486,0.11166500498504486,0.11166500498504486,0.10982768824999105,0.004131268194535078,29,0.1427859456765512,0.12683777722402192,0.11684105630293971,0.14299950174389636,0.12057797708021924,0.1300084516055257,0.010994535581763281
1.009138298034668,0.016261751430264672,0.025652027130126952,0.001762960859413849,True,,4,5,100,"{'bootstrap': True, 'max_depth': None, 'min_samples_leaf': 4, 'min_samples_split': 5, 'n_estimators': 100}",0.11254980079681275,0.10159362549800798,0.11166500498504486,0.11166500498504486,0.11166500498504486,0.10982768824999105,0.004131268194535078,29,0.1502616496386743,0.13805133316720658,0.11684105630293971,0.13552566018933732,0.11310413552566019,0.13075676696476363,0.013868351644955153
2.0201436996459963,0.04640532430330765,0.05212259292602539,0.0033935002201026508,True,,4,5,200,"{'bootstrap': True, 'max_depth': None, 'min_samples_leaf': 4, 'min_samples_split': 5, 'n_estimators': 200}",0.11254980079681275,0.10159362549800798,0.11166500498504486,0.11166500498504486,0.11166500498504486,0.10982768824999105,0.004131268194535078,29,0.1427859456765512,0.13805133316720658,0.11684105630293971,0.13926258096661684,0.11310413552566019,0.1300090103277949,0.012431632301543007
5.013616323471069,0.17321496500041733,0.12474684715270996,0.005428191038756278,True,,4,5,500,"{'bootstrap': True, 'max_depth': None, 'min_samples_leaf': 4, 'min_samples_split': 5, 'n_estimators': 500}",0.11254980079681275,0.10159362549800798,0.11166500498504486,0.11166500498504486,0.11166500498504486,0.10982768824999105,0.004131268194535078,29,0.1427859456765512,0.12683777722402192,0.11684105630293971,0.14299950174389636,0.12057797708021924,0.1300084516055257,0.010994535581763281
1.0253469944000244,0.01684559376780351,0.02831892967224121,0.002624552187219493,True,,4,10,100,"{'bootstrap': True, 'max_depth': None, 'min_samples_leaf': 4, 'min_samples_split': 10, 'n_estimators': 100}",0.11254980079681275,0.10159362549800798,0.11166500498504486,0.11166500498504486,0.11166500498504486,0.10982768824999105,0.004131268194535078,29,0.12409668577124346,0.12309992524296037,0.11684105630293971,0.12805181863477827,0.10936721474838067,0.12029134014006049,0.006539645345885544
1.9650886535644532,0.08677457283855416,0.051309633255004886,0.004434506088487955,True,,4,10,200,"{'bootstrap': True, 'max_depth': None, 'min_samples_leaf': 4, 'min_samples_split': 10, 'n_estimators': 200}",0.11254980079681275,0.10159362549800798,0.11166500498504486,0.11166500498504486,0.11166500498504486,0.10982768824999105,0.004131268194535078,29,0.12409668577124346,0.13057562920508348,0.11310413552566019,0.12431489785749876,0.10936721474838067,0.1202917126215733,0.00784128431699757
5.016530704498291,0.1946239631862862,0.12698988914489745,0.009116931623407938,True,,4,10,500,"{'bootstrap': True, 'max_depth': None, 'min_samples_leaf': 4, 'min_samples_split': 10, 'n_estimators': 500}",0.11254980079681275,0.10159362549800798,0.11166500498504486,0.11166500498504486,0.11166500498504486,0.10982768824999105,0.004131268194535078,29,0.1353102417144281,0.12309992524296037,0.11684105630293971,0.12805181863477827,0.11310413552566019,0.12328143548415335,0.007906169731796498
0.9372079372406006,0.01644473129714146,0.023950576782226562,0.0016782695413227174,True,10.0,1,2,100,"{'bootstrap': True, 'max_depth': 10, 'min_samples_leaf': 1, 'min_samples_split': 2, 'n_estimators': 100}",0.11254980079681275,0.10159362549800798,0.11166500498504486,0.11166500498504486,0.11166500498504486,0.10982768824999105,0.004131268194535078,29,0.26239720907052083,0.22775978071268377,0.2700548081714001,0.23642252117588441,0.27752864972595914,0.2548325937712897,0.019369657465428205
1.834813165664673,0.04444761907216611,0.046915721893310544,0.003296259713599428,True,10.0,1,2,200,"{'bootstrap': True, 'max_depth': 10, 'min_samples_leaf': 1, 'min_samples_split': 2, 'n_estimators': 200}",0.11254980079681275,0.10159362549800798,0.11166500498504486,0.11166500498504486,0.11166500498504486,0.10982768824999105,0.004131268194535078,29,0.25118365312733615,0.23149763269374532,0.2700548081714001,0.24389636273044346,0.255107125062282,0.2503479163570414,0.012717435644151651
4.668608999252319,0.14258795320162992,0.11346936225891113,0.006380169660085811,True,10.0,1,2,500,"{'bootstrap': True, 'max_depth': 10, 'min_samples_leaf': 1, 'min_samples_split': 2, 'n_estimators': 500}",0.11254980079681275,0.10159362549800798,0.11166500498504486,0.11166500498504486,0.11166500498504486,0.10982768824999105,0.004131268194535078,29,0.23997009718415152,0.23897333665586842,0.24389636273044346,0.24389636273044346,0.23642252117588441,0.24063173609535826,0.0029058946684647636
0.9576851844787597,0.02212315415169194,0.023447084426879882,0.0017495258616394456,True,10.0,1,5,100,"{'bootstrap': True, 'max_depth': 10, 'min_samples_leaf': 1, 'min_samples_split': 5, 'n_estimators': 100}",0.11254980079681275,0.10159362549800798,0.11166500498504486,0.11166500498504486,0.11166500498504486,0.10982768824999105,0.004131268194535078,29,0.16895090954398206,0.16795414901569897,0.14673642252117589,0.15421026407573493,0.15794718485301446,0.15915978600192124,0.008408508191740624
1.8643722534179688,0.06279480862781009,0.04670977592468262,0.0016971788128673166,True,10.0,1,5,200,"{'bootstrap': True, 'max_depth': 10, 'min_samples_leaf': 1, 'min_samples_split': 5, 'n_estimators': 200}",0.11254980079681275,0.10159362549800798,0.11166500498504486,0.11166500498504486,0.11166500498504486,0.10982768824999105,0.004131268194535078,29,0.16147520558185896,0.17169200099676052,0.13552566018933732,0.14673642252117589,0.15421026407573493,0.1539279106729735,0.012352850793378318
4.84932050704956,0.3137046566579516,0.11054625511169433,0.002894472822037694,True,10.0,1,5,500,"{'bootstrap': True, 'max_depth': 10, 'min_samples_leaf': 1, 'min_samples_split': 5, 'n_estimators': 500}",0.11254980079681275,0.10159362549800798,0.11166500498504486,0.11166500498504486,0.11166500498504486,0.10982768824999105,0.004131268194535078,29,0.16147520558185896,0.1530027410914528,0.14299950174389636,0.13552566018933732,0.14673642252117589,0.14794790622554427,0.00881822861646214
0.9483927726745606,0.022318260642016703,0.02765355110168457,0.004935124014266817,True,10.0,1,10,100,"{'bootstrap': True, 'max_depth': 10, 'min_samples_leaf': 1, 'min_samples_split': 10, 'n_estimators': 100}",0.11254980079681275,0.10159362549800798,0.11166500498504486,0.11166500498504486,0.11166500498504486,0.10982768824999105,0.004131268194535078,29,0.12409668577124346,0.13431348118614503,0.12057797708021924,0.11684105630293971,0.12805181863477827,0.12477620379506513,0.006045539357712946
2.1176685810089113,0.20071074601450895,0.046664857864379884,0.003267797412597901,True,10.0,1,10,200,"{'bootstrap': True, 'max_depth': 10, 'min_samples_leaf': 1, 'min_samples_split': 10, 'n_estimators': 200}",0.11254980079681275,0.10159362549800798,0.11166500498504486,0.11166500498504486,0.11166500498504486,0.10982768824999105,0.004131268194535078,29,0.13157238973336655,0.12309992524296037,0.12057797708021924,0.11310413552566019,0.12057797708021924,0.12178648093248512,0.005929472689897227
4.648633623123169,0.26860757257161494,0.11863102912902831,0.012179466968121421,True,10.0,1,10,500,"{'bootstrap': True, 'max_depth': 10, 'min_samples_leaf': 1, 'min_samples_split': 10, 'n_estimators': 500}",0.11254980079681275,0.10159362549800798,0.11166500498504486,0.11166500498504486,0.11166500498504486,0.10982768824999105,0.004131268194535078,29,0.12409668577124346,0.11562422128083728,0.11684105630293971,0.11310413552566019,0.12057797708021924,0.11804881519217998,0.0038667969321122906
0.9472336292266845,0.02587602411637,0.025525856018066406,0.0015192089362074562,True,10.0,2,2,100,"{'bootstrap': True, 'max_depth': 10, 'min_samples_leaf': 2, 'min_samples_split': 2, 'n_estimators': 100}",0.11254980079681275,0.10159362549800798,0.11166500498504486,0.11166500498504486,0.11166500498504486,0.10982768824999105,0.004131268194535078,29,0.1427859456765512,0.1530027410914528,0.1317887394120578,0.13552566018933732,0.14673642252117589,0.141967901778115,0.007619625814050032
1.8603256225585938,0.07198297012046007,0.04674525260925293,0.001846498471983966,True,10.0,2,2,200,"{'bootstrap': True, 'max_depth': 10, 'min_samples_leaf': 2, 'min_samples_split': 2, 'n_estimators': 200}",0.11254980079681275,0.10159362549800798,0.11166500498504486,0.11166500498504486,0.11166500498504486,0.10982768824999105,0.004131268194535078,29,0.14652379765761275,0.13431348118614503,0.12805181863477827,0.12805181863477827,0.1504733432984554,0.13748285188235393,0.009364029630311079
4.6555766582489015,0.18715871982590232,0.11228017807006836,0.005577601528638255,True,10.0,2,2,500,"{'bootstrap': True, 'max_depth': 10, 'min_samples_leaf': 2, 'min_samples_split': 2, 'n_estimators': 500}",0.11254980079681275,0.10159362549800798,0.11166500498504486,0.11166500498504486,0.11166500498504486,0.10982768824999105,0.004131268194535078,29,0.14652379765761275,0.13805133316720658,0.12805181863477827,0.12805181863477827,0.13926258096661684,0.13598826981219853,0.007098580217302254
0.9336118221282959,0.041389335003770705,0.023835182189941406,0.0015847487790630734,True,10.0,2,5,100,"{'bootstrap': True, 'max_depth': 10, 'min_samples_leaf': 2, 'min_samples_split': 5, 'n_estimators': 100}",0.11254980079681275,0.10159362549800798,0.11166500498504486,0.11166500498504486,0.11166500498504486,0.10982768824999105,0.004131268194535078,29,0.14652379765761275,0.13805133316720658,0.12431489785749876,0.12805181863477827,0.1317887394120578,0.13374611734583083,0.0078359206816064
1.8553454875946045,0.059008471572816905,0.04734869003295898,0.002725495655233437,True,10.0,2,5,200,"{'bootstrap': True, 'max_depth': 10, 'min_samples_leaf': 2, 'min_samples_split': 5, 'n_estimators': 200}",0.11254980079681275,0.10159362549800798,0.11166500498504486,0.11166500498504486,0.11166500498504486,0.10982768824999105,0.004131268194535078,29,0.1427859456765512,0.13057562920508348,0.12431489785749876,0.12805181863477827,0.13552566018933732,0.1322507903126498,0.006405157112801669
4.561726999282837,0.08131705354222242,0.11116976737976074,0.006099465418489373,True,10.0,2,5,500,"{'bootstrap': True, 'max_depth': 10, 'min_samples_leaf': 2, 'min_samples_split': 5, 'n_estimators': 500}",0.11254980079681275,0.10159362549800798,0.11166500498504486,0.11166500498504486,0.11166500498504486,0.10982768824999105,0.004131268194535078,29,0.1427859456765512,0.13431348118614503,0.1317887394120578,0.12805181863477827,0.1317887394120578,0.133745744864318,0.004942228077384054
0.928477430343628,0.015417521748627684,0.025056886672973632,0.003918555006900766,True,10.0,2,10,100,"{'bootstrap': True, 'max_depth': 10, 'min_samples_leaf': 2, 'min_samples_split': 10, 'n_estimators': 100}",0.11254980079681275,0.10159362549800798,0.11166500498504486,0.11166500498504486,0.11166500498504486,0.10982768824999105,0.004131268194535078,29,0.11662098180912035,0.11936207326189884,0.11310413552566019,0.10936721474838067,0.11310413552566019,0.11431170817414404,0.003411844395073111
1.9013249397277832,0.08937265381413016,0.04870052337646484,0.0017011818335293633,True,10.0,2,10,200,"{'bootstrap': True, 'max_depth': 10, 'min_samples_leaf': 2, 'min_samples_split': 10, 'n_estimators': 200}",0.11254980079681275,0.10159362549800798,0.11166500498504486,0.11166500498504486,0.11166500498504486,0.10982768824999105,0.004131268194535078,29,0.12409668577124346,0.12309992524296037,0.12057797708021924,0.10936721474838067,0.11310413552566019,0.1180491876736928,0.00580184718376251
4.633607292175293,0.20145049842661697,0.11627564430236817,0.008140243021580769,True,10.0,2,10,500,"{'bootstrap': True, 'max_depth': 10, 'min_samples_leaf': 2, 'min_samples_split': 10, 'n_estimators': 500}",0.11254980079681275,0.10159362549800798,0.11166500498504486,0.11166500498504486,0.11166500498504486,0.10982768824999105,0.004131268194535078,29,0.1203588337901819,0.11188636929977573,0.11310413552566019,0.10936721474838067,0.11310413552566019,0.11356413777793176,0.003661151950557315
0.9308087348937988,0.06067588314220397,0.02282114028930664,0.0018205649032212,True,10.0,4,2,100,"{'bootstrap': True, 'max_depth': 10, 'min_samples_leaf': 4, 'min_samples_split': 2, 'n_estimators': 100}",0.11254980079681275,0.10159362549800798,0.11166500498504486,0.11166500498504486,0.11166500498504486,0.10982768824999105,0.004131268194535078,29,0.11662098180912035,0.11936207326189884,0.11310413552566019,0.10936721474838067,0.11310413552566019,0.11431170817414404,0.003411844395073111
1.7928483963012696,0.06377730744270776,0.04746427536010742,0.0019499591948324885,True,10.0,4,2,200,"{'bootstrap': True, 'max_depth': 10, 'min_samples_leaf': 4, 'min_samples_split': 2, 'n_estimators': 200}",0.11254980079681275,0.10159362549800798,0.11166500498504486,0.11166500498504486,0.11166500498504486,0.10982768824999105,0.004131268194535078,29,0.11662098180912035,0.11188636929977573,0.11310413552566019,0.10936721474838067,0.11310413552566019,0.11281656738171944,0.0023410366110340154
4.589464855194092,0.1319395557360372,0.11107850074768066,0.006018059455519249,True,10.0,4,2,500,"{'bootstrap': True, 'max_depth': 10, 'min_samples_leaf': 4, 'min_samples_split': 2, 'n_estimators': 500}",0.11254980079681275,0.10159362549800798,0.11166500498504486,0.11166500498504486,0.11166500498504486,0.10982768824999105,0.004131268194535078,29,0.1203588337901819,0.11188636929977573,0.11310413552566019,0.10936721474838067,0.11310413552566019,0.11356413777793176,0.003661151950557315
0.9244813919067383,0.026252779192212757,0.023157262802124025,0.0016716378357176237,True,10.0,4,5,100,"{'bootstrap': True, 'max_depth': 10, 'min_samples_leaf': 4, 'min_samples_split': 5, 'n_estimators': 100}",0.11254980079681275,0.10159362549800798,0.11166500498504486,0.11166500498504486,0.11166500498504486,0.10982768824999105,0.004131268194535078,29,0.11662098180912035,0.11936207326189884,0.11310413552566019,0.10936721474838067,0.11310413552566019,0.11431170817414404,0.003411844395073111
1.8788568496704101,0.08770014586637981,0.0463930606842041,0.003088298617101965,True,10.0,4,5,200,"{'bootstrap': True, 'max_depth': 10, 'min_samples_leaf': 4, 'min_samples_split': 5, 'n_estimators': 200}",0.11254980079681275,0.10159362549800798,0.11166500498504486,0.11166500498504486,0.11166500498504486,0.10982768824999105,0.004131268194535078,29,0.11662098180912035,0.11188636929977573,0.11310413552566019,0.10936721474838067,0.11310413552566019,0.11281656738171944,0.0023410366110340154
4.516292333602905,0.1474907929205094,0.1115119457244873,0.005376489252328475,True,10.0,4,5,500,"{'bootstrap': True, 'max_depth': 10, 'min_samples_leaf': 4, 'min_samples_split': 5, 'n_estimators': 500}",0.11254980079681275,0.10159362549800798,0.11166500498504486,0.11166500498504486,0.11166500498504486,0.10982768824999105,0.004131268194535078,29,0.1203588337901819,0.11188636929977573,0.11310413552566019,0.10936721474838067,0.11310413552566019,0.11356413777793176,0.003661151950557315
0.9152611255645752,0.03361360920610381,0.027454185485839843,0.004553065921700762,True,10.0,4,10,100,"{'bootstrap': True, 'max_depth': 10, 'min_samples_leaf': 4, 'min_samples_split': 10, 'n_estimators': 100}",0.11254980079681275,0.10159362549800798,0.11166500498504486,0.11166500498504486,0.11166500498504486,0.10982768824999105,0.004131268194535078,29,0.11288312982805881,0.11188636929977573,0.10936721474838067,0.10936721474838067,0.10936721474838067,0.11057422867459532,0.0015115148302906082
1.8112698078155518,0.05003228665521581,0.048230314254760744,0.006593165038350565,True,10.0,4,10,200,"{'bootstrap': True, 'max_depth': 10, 'min_samples_leaf': 4, 'min_samples_split': 10, 'n_estimators': 200}",0.11254980079681275,0.10159362549800798,0.11166500498504486,0.11166500498504486,0.11166500498504486,0.10982768824999105,0.004131268194535078,29,0.11288312982805881,0.11188636929977573,0.10936721474838067,0.10936721474838067,0.10936721474838067,0.11057422867459532,0.0015115148302906082
4.406613159179687,0.07170318552047995,0.106174898147583,0.005802431316674513,True,10.0,4,10,500,"{'bootstrap': True, 'max_depth': 10, 'min_samples_leaf': 4, 'min_samples_split': 10, 'n_estimators': 500}",0.11254980079681275,0.10159362549800798,0.11166500498504486,0.11166500498504486,0.11166500498504486,0.10982768824999105,0.004131268194535078,29,0.10914527784699726,0.11188636929977573,0.10936721474838067,0.10936721474838067,0.10936721474838067,0.109826658278383,0.0010334363894991421
1.1201651096343994,0.03881487015580688,0.03052377700805664,0.0018058816931804578,True,20.0,1,2,100,"{'bootstrap': True, 'max_depth': 20, 'min_samples_leaf': 1, 'min_samples_split': 2, 'n_estimators': 100}",0.11254980079681275,0.10159362549800798,0.11166500498504486,0.11166500498504486,0.10967098703888335,0.10942888466075876,0.004029652229327405,151,1.3202093197109395,1.3229504111637178,1.3238664673642253,1.3238664673642253,1.3201295465869456,1.3222044424380108,0.0016951006188007719
2.2538993835449217,0.11200373083276985,0.05628170967102051,0.000686496788052372,True,20.0,1,2,200,"{'bootstrap': True, 'max_depth': 20, 'min_samples_leaf': 1, 'min_samples_split': 2, 'n_estimators': 200}",0.11254980079681275,0.10159362549800798,0.11166500498504486,0.11166500498504486,0.11166500498504486,0.10982768824999105,0.004131268194535078,29,1.323947171692001,1.3229504111637178,1.3238664673642253,1.3238664673642253,1.3238664673642253,1.3236993969896789,0.0003757950507270353
5.605002689361572,0.2010439862833882,0.14016199111938477,0.021104250236000318,True,20.0,1,2,500,"{'bootstrap': True, 'max_depth': 20, 'min_samples_leaf': 1, 'min_samples_split': 2, 'n_estimators': 500}",0.11254980079681275,0.10159362549800798,0.11166500498504486,0.11166500498504486,0.11166500498504486,0.10982768824999105,0.004131268194535078,29,1.323947171692001,1.3229504111637178,1.3238664673642253,1.3238664673642253,1.3238664673642253,1.3236993969896789,0.0003757950507270353
1.0972949504852294,0.01788288397972568,0.026969003677368163,0.0019266462160297357,True,20.0,1,5,100,"{'bootstrap': True, 'max_depth': 20, 'min_samples_leaf': 1, 'min_samples_split': 5, 'n_estimators': 100}",0.11254980079681275,0.10159362549800798,0.11166500498504486,0.10967098703888335,0.11166500498504486,0.10942888466075876,0.004029652229327405,151,0.6885123349115375,0.7361076501370546,0.7072745391131041,0.7296960637767813,0.6960637767812655,0.7115308729439487,0.018553666320852258
2.1609148502349855,0.06608336117274095,0.05264368057250977,0.0026594526640575204,True,20.0,1,5,200,"{'bootstrap': True, 'max_depth': 20, 'min_samples_leaf': 1, 'min_samples_split': 5, 'n_estimators': 200}",0.11254980079681275,0.10159362549800798,0.11166500498504486,0.11166500498504486,0.11166500498504486,0.10982768824999105,0.004131268194535078,29,0.6847744829304759,0.7136805382506852,0.7072745391131041,0.7147483806676632,0.6624314897857498,0.6965818861495358,0.020210802046102733
5.3364275932312015,0.11088282311730513,0.1293097496032715,0.0018934033854141735,True,20.0,1,5,500,"{'bootstrap': True, 'max_depth': 20, 'min_samples_leaf': 1, 'min_samples_split': 5, 'n_estimators': 500}",0.11254980079681275,0.10159362549800798,0.11166500498504486,0.11166500498504486,0.11166500498504486,0.10982768824999105,0.004131268194535078,29,0.6735609269872913,0.6949912783453775,0.6885899352267065,0.7259591429995017,0.6736422521175884,0.6913487071352931,0.019228546955307284
1.1547543048858642,0.04054095020176969,0.02995471954345703,0.003593093770514326,True,20.0,1,10,100,"{'bootstrap': True, 'max_depth': 20, 'min_samples_leaf': 1, 'min_samples_split': 10, 'n_estimators': 100}",0.11254980079681275,0.10159362549800798,0.11166500498504486,0.11166500498504486,0.11166500498504486,0.10982768824999105,0.004131268194535078,29,0.22875654124096687,0.22028407675056066,0.18036870951669157,0.21400099651220728,0.19157947184853014,0.2069979591737913,0.018143020886833523
2.1045618534088133,0.06869606251423029,0.051072311401367185,0.0031196862334127735,True,20.0,1,10,200,"{'bootstrap': True, 'max_depth': 20, 'min_samples_leaf': 1, 'min_samples_split': 10, 'n_estimators': 200}",0.11254980079681275,0.10159362549800798,0.11166500498504486,0.11166500498504486,0.11166500498504486,0.10982768824999105,0.004131268194535078,29,0.202591577373536,0.20907052080737604,0.17663178873941207,0.21026407573492775,0.1841056302939711,0.1965327185898446,0.013659692205007765
5.3099400997161865,0.17185312212526388,0.12101988792419434,0.005812660654984045,True,20.0,1,10,500,"{'bootstrap': True, 'max_depth': 20, 'min_samples_leaf': 1, 'min_samples_split': 10, 'n_estimators': 500}",0.11254980079681275,0.10159362549800798,0.11166500498504486,0.11166500498504486,0.11166500498504486,0.10982768824999105,0.004131268194535078,29,0.1876401694492898,0.18664340892100673,0.17663178873941207,0.2027902341803687,0.17289486796213255,0.18532009385044196,0.010413573841727426
1.0668792724609375,0.0366315778151961,0.027419519424438477,0.0013840931282392474,True,20.0,2,2,100,"{'bootstrap': True, 'max_depth': 20, 'min_samples_leaf': 2, 'min_samples_split': 2, 'n_estimators': 100}",0.11254980079681275,0.10159362549800798,0.11166500498504486,0.11166500498504486,0.11166500498504486,0.10982768824999105,0.004131268194535078,29,0.4156491402940444,0.42960378769000745,0.43821624314897856,0.4942700548081714,0.41953163926258097,0.43945417304075657,0.028519924235975797
2.0912221908569335,0.01723892171283908,0.05294380187988281,0.0022231623556870483,True,20.0,2,2,200,"{'bootstrap': True, 'max_depth': 20, 'min_samples_leaf': 2, 'min_samples_split': 2, 'n_estimators': 200}",0.11254980079681275,0.10159362549800798,0.11166500498504486,0.11166500498504486,0.11166500498504486,0.10982768824999105,0.004131268194535078,29,0.39322202840767506,0.42960378769000745,0.4307424015944195,0.4606377678126557,0.39711011459890383,0.42226322002073224,0.02479699939415775
5.319874906539917,0.155650075354852,0.1263887405395508,0.00908049129623373,True,20.0,2,2,500,"{'bootstrap': True, 'max_depth': 20, 'min_samples_leaf': 2, 'min_samples_split': 2, 'n_estimators': 500}",0.11254980079681275,0.10159362549800798,0.11166500498504486,0.11166500498504486,0.11166500498504486,0.10982768824999105,0.004131268194535078,29,0.40069773236979817,0.42212808372788435,0.39711011459890383,0.43447932237169906,0.35226706527154955,0.40133646366796694,0.028131179893074777
1.0808074474334717,0.03254241699247784,0.027591562271118163,0.0011692338487905784,True,20.0,2,5,100,"{'bootstrap': True, 'max_depth': 20, 'min_samples_leaf': 2, 'min_samples_split': 5, 'n_estimators': 100}",0.11254980079681275,0.10159362549800798,0.11166500498504486,0.11166500498504486,0.11166500498504486,0.10982768824999105,0.004131268194535078,29,0.3446299526538749,0.34737104410665337,0.3036870951669158,0.341056302939711,0.31863477827603387,0.33107583462863777,0.017051572640396303
2.0999988079071046,0.06936581377038543,0.05186715126037598,0.001367929065718741,True,20.0,2,5,200,"{'bootstrap': True, 'max_depth': 20, 'min_samples_leaf': 2, 'min_samples_split': 5, 'n_estimators': 200}",0.11254980079681275,0.10159362549800798,0.11166500498504486,0.11166500498504486,0.11166500498504486,0.10982768824999105,0.004131268194535078,29,0.3296785447296287,0.32868178420134564,0.3111609367214748,0.3597409068261086,0.2850024912805182,0.32285293275181515,0.024538320277246697
5.3147235870361325,0.15470725704033866,0.1265793800354004,0.006866414771359079,True,20.0,2,5,500,"{'bootstrap': True, 'max_depth': 20, 'min_samples_leaf': 2, 'min_samples_split': 5, 'n_estimators': 500}",0.11254980079681275,0.10159362549800798,0.11166500498504486,0.11166500498504486,0.11166500498504486,0.10982768824999105,0.004131268194535078,29,0.29603787690007477,0.31746822825816096,0.3036870951669158,0.34479322371699056,0.2887394120577977,0.31014516721998797,0.019763824178862327
1.0148921966552735,0.031245228535154518,0.028288555145263673,0.0018302358867847296,True,20.0,2,10,100,"{'bootstrap': True, 'max_depth': 20, 'min_samples_leaf': 2, 'min_samples_split': 10, 'n_estimators': 100}",0.11254980079681275,0.10159362549800798,0.11166500498504486,0.11166500498504486,0.11166500498504486,0.10982768824999105,0.004131268194535078,29,0.16147520558185896,0.1604784450535759,0.13926258096661684,0.1654210264075735,0.13552566018933732,0.1524325836397925,0.012445863360810919
2.032736587524414,0.04799280808555454,0.050780105590820315,0.0032157277305446762,True,20.0,2,10,200,"{'bootstrap': True, 'max_depth': 20, 'min_samples_leaf': 2, 'min_samples_split': 10, 'n_estimators': 200}",0.11254980079681275,0.10159362549800798,0.11166500498504486,0.11166500498504486,0.11166500498504486,0.10982768824999105,0.004131268194535078,29,0.1502616496386743,0.14926488911039124,0.13926258096661684,0.16915794718485302,0.13552566018933732,0.14869454541797453,0.011695412870141824
5.135261058807373,0.23992281452782113,0.1257530689239502,0.011112253751583952,True,20.0,2,10,500,"{'bootstrap': True, 'max_depth': 20, 'min_samples_leaf': 2, 'min_samples_split': 10, 'n_estimators': 500}",0.11254980079681275,0.10159362549800798,0.11166500498504486,0.11166500498504486,0.11166500498504486,0.10982768824999105,0.004131268194535078,29,0.15399950161973586,0.13431348118614503,0.13926258096661684,0.15421026407573493,0.1504733432984554,0.1464518342293376,0.008153012069011922
1.004946756362915,0.02145803320761024,0.026758289337158202,0.0018870714148706519,True,20.0,4,2,100,"{'bootstrap': True, 'max_depth': 20, 'min_samples_leaf': 4, 'min_samples_split': 2, 'n_estimators': 100}",0.11254980079681275,0.10159362549800798,0.11166500498504486,0.11166500498504486,0.11166500498504486,0.10982768824999105,0.004131268194535078,29,0.14652379765761275,0.14178918514826813,0.11684105630293971,0.13552566018933732,0.11310413552566019,0.13075676696476363,0.013403866982186707
2.0249884605407713,0.04340403872031874,0.050917959213256835,0.0021396212223776193,True,20.0,4,2,200,"{'bootstrap': True, 'max_depth': 20, 'min_samples_leaf': 4, 'min_samples_split': 2, 'n_estimators': 200}",0.11254980079681275,0.10159362549800798,0.11166500498504486,0.11166500498504486,0.11166500498504486,0.10982768824999105,0.004131268194535078,29,0.1427859456765512,0.14178918514826813,0.11684105630293971,0.13552566018933732,0.11310413552566019,0.1300091965685513,0.012582732823239842
5.0417664527893065,0.17984272071571356,0.12840285301208496,0.009359204435750815,True,20.0,4,2,500,"{'bootstrap': True, 'max_depth': 20, 'min_samples_leaf': 4, 'min_samples_split': 2, 'n_estimators': 500}",0.11254980079681275,0.10159362549800798,0.11166500498504486,0.11166500498504486,0.11166500498504486,0.10982768824999105,0.004131268194535078,29,0.1427859456765512,0.12683777722402192,0.11684105630293971,0.14299950174389636,0.12057797708021924,0.1300084516055257,0.010994535581763281
1.0121188640594483,0.03679744694573167,0.026836442947387695,0.0022653146661989155,True,20.0,4,5,100,"{'bootstrap': True, 'max_depth': 20, 'min_samples_leaf': 4, 'min_samples_split': 5, 'n_estimators': 100}",0.11254980079681275,0.10159362549800798,0.11166500498504486,0.11166500498504486,0.11166500498504486,0.10982768824999105,0.004131268194535078,29,0.14652379765761275,0.14178918514826813,0.11684105630293971,0.13552566018933732,0.11310413552566019,0.13075676696476363,0.013403866982186707
1.9720853805541991,0.03789727349281797,0.04851970672607422,0.0030938976834182456,True,20.0,4,5,200,"{'bootstrap': True, 'max_depth': 20, 'min_samples_leaf': 4, 'min_samples_split': 5, 'n_estimators': 200}",0.11254980079681275,0.10159362549800798,0.11166500498504486,0.11166500498504486,0.11166500498504486,0.10982768824999105,0.004131268194535078,29,0.1427859456765512,0.14178918514826813,0.11684105630293971,0.13552566018933732,0.11310413552566019,0.1300091965685513,0.012582732823239842
5.13005690574646,0.20290760583486103,0.12056584358215332,0.006562162351997497,True,20.0,4,5,500,"{'bootstrap': True, 'max_depth': 20, 'min_samples_leaf': 4, 'min_samples_split': 5, 'n_estimators': 500}",0.11254980079681275,0.10159362549800798,0.11166500498504486,0.11166500498504486,0.11166500498504486,0.10982768824999105,0.004131268194535078,29,0.1427859456765512,0.12683777722402192,0.11684105630293971,0.14299950174389636,0.12057797708021924,0.1300084516055257,0.010994535581763281
0.9945488929748535,0.038847330892531236,0.025617218017578124,0.002257358305628935,True,20.0,4,10,100,"{'bootstrap': True, 'max_depth': 20, 'min_samples_leaf': 4, 'min_samples_split': 10, 'n_estimators': 100}",0.11254980079681275,0.10159362549800798,0.11166500498504486,0.11166500498504486,0.11166500498504486,0.10982768824999105,0.004131268194535078,29,0.12783453775230502,0.12683777722402192,0.11684105630293971,0.1317887394120578,0.11310413552566019,0.12328124924339694,0.007082491725745177
1.9844069957733155,0.06488111208172011,0.05025663375854492,0.0034513040138279133,True,20.0,4,10,200,"{'bootstrap': True, 'max_depth': 20, 'min_samples_leaf': 4, 'min_samples_split': 10, 'n_estimators': 200}",0.11254980079681275,0.10159362549800798,0.11166500498504486,0.11166500498504486,0.11166500498504486,0.10982768824999105,0.004131268194535078,29,0.12783453775230502,0.13057562920508348,0.11310413552566019,0.12431489785749876,0.10936721474838067,0.12103928301778562,0.00833127579061673
5.023187112808228,0.26926601795205973,0.11864523887634278,0.004154953067212756,True,20.0,4,10,500,"{'bootstrap': True, 'max_depth': 20, 'min_samples_leaf': 4, 'min_samples_split': 10, 'n_estimators': 500}",0.11254980079681275,0.10159362549800798,0.11166500498504486,0.11166500498504486,0.11166500498504486,0.10982768824999105,0.004131268194535078,29,0.13157238973336655,0.12309992524296037,0.11684105630293971,0.1317887394120578,0.10936721474838067,0.12253386508794102,0.008642184951123111
1.5232881546020507,0.03658689239348221,0.0289095401763916,0.0011057489906502074,False,,1,2,100,"{'bootstrap': False, 'max_depth': None, 'min_samples_leaf': 1, 'min_samples_split': 2, 'n_estimators': 100}",0.12749003984063745,0.09760956175298804,0.10967098703888335,0.12063808574277168,0.1226321036889332,0.11560815561284274,0.01072394114211663,1,1.323947171692001,1.3229504111637178,1.3238664673642253,1.3238664673642253,1.3238664673642253,1.3236993969896789,0.0003757950507270353
3.0131808280944825,0.09578622264467727,0.056887578964233396,0.002698029672362129,False,,1,2,200,"{'bootstrap': False, 'max_depth': None, 'min_samples_leaf': 1, 'min_samples_split': 2, 'n_estimators': 200}",0.11254980079681275,0.09760956175298804,0.11166500498504486,0.1226321036889332,0.1226321036889332,0.11341771498254241,0.009203617705697177,6,1.323947171692001,1.3229504111637178,1.3238664673642253,1.3238664673642253,1.3238664673642253,1.3236993969896789,0.0003757950507270353
7.513762331008911,0.19867079160915788,0.14023203849792482,0.004464927273801803,False,,1,2,500,"{'bootstrap': False, 'max_depth': None, 'min_samples_leaf': 1, 'min_samples_split': 2, 'n_estimators': 500}",0.11254980079681275,0.099601593625498,0.10967098703888335,0.1226321036889332,0.1226321036889332,0.1134173177678121,0.00866586836209957,7,1.323947171692001,1.3229504111637178,1.3238664673642253,1.3238664673642253,1.3238664673642253,1.3236993969896789,0.0003757950507270353
1.435277795791626,0.02397292795017226,0.027100658416748045,0.0018640177878405109,False,,1,5,100,"{'bootstrap': False, 'max_depth': None, 'min_samples_leaf': 1, 'min_samples_split': 5, 'n_estimators': 100}",0.11254980079681275,0.10159362549800798,0.10967098703888335,0.10568295114656032,0.12462612163509472,0.11082469722307182,0.007828621631406261,28,1.323947171692001,1.3229504111637178,1.3238664673642253,1.3238664673642253,1.3238664673642253,1.3236993969896789,0.0003757950507270353
2.936491060256958,0.09669698792851154,0.05792808532714844,0.0027084981002656948,False,,1,5,200,"{'bootstrap': False, 'max_depth': None, 'min_samples_leaf': 1, 'min_samples_split': 5, 'n_estimators': 200}",0.11254980079681275,0.10159362549800798,0.10967098703888335,0.10767696909272183,0.12462612163509472,0.11122350081230412,0.007604104173299608,24,1.323947171692001,1.3229504111637178,1.3238664673642253,1.3238664673642253,1.3238664673642253,1.3236993969896789,0.0003757950507270353
7.277928304672241,0.20345359694864676,0.13601741790771485,0.008671963766522241,False,,1,5,500,"{'bootstrap': False, 'max_depth': None, 'min_samples_leaf': 1, 'min_samples_split': 5, 'n_estimators': 500}",0.11254980079681275,0.10159362549800798,0.10967098703888335,0.10767696909272183,0.12462612163509472,0.11122350081230412,0.007604104173299608,24,1.323947171692001,1.3229504111637178,1.3238664673642253,1.3238664673642253,1.3238664673642253,1.3236993969896789,0.0003757950507270353
1.4119959831237794,0.0604949117748145,0.029662322998046876,0.0021824962029275566,False,,1,10,100,"{'bootstrap': False, 'max_depth': None, 'min_samples_leaf': 1, 'min_samples_split': 10, 'n_estimators': 100}",0.11254980079681275,0.10159362549800798,0.11166500498504486,0.11166500498504486,0.12462612163509472,0.11241991158000102,0.0073124096354223395,11,1.0062297533017692,1.0239222526787939,0.9912805181863478,1.0548081714000996,1.036123567513702,1.0224728526161424,0.022229780120968122
2.7428157806396483,0.037994073930739,0.05653691291809082,0.0017116572893015006,False,,1,10,200,"{'bootstrap': False, 'max_depth': None, 'min_samples_leaf': 1, 'min_samples_split': 10, 'n_estimators': 200}",0.11254980079681275,0.10159362549800798,0.11166500498504486,0.11166500498504486,0.12462612163509472,0.11241991158000102,0.0073124096354223395,11,1.0062297533017692,1.0426115125841016,0.9875435974090683,1.0510712506228201,1.0622820129546586,1.0299476253744837,0.028329254301602904
7.034933471679688,0.10708737167408106,0.13386235237121583,0.004244396540547384,False,,1,10,500,"{'bootstrap': False, 'max_depth': None, 'min_samples_leaf': 1, 'min_samples_split': 10, 'n_estimators': 500}",0.11254980079681275,0.10159362549800798,0.11166500498504486,0.11166500498504486,0.12462612163509472,0.11241991158000102,0.0073124096354223395,11,1.0211811612260155,1.065038624470471,1.013702042850025,1.0435974090682612,1.0697558545092178,1.042655018424798,0.022520082476911472
1.3884607791900634,0.03911902993950286,0.02862825393676758,0.0022048647354201063,False,,2,2,100,"{'bootstrap': False, 'max_depth': None, 'min_samples_leaf': 2, 'min_samples_split': 2, 'n_estimators': 100}",0.11254980079681275,0.10159362549800798,0.11166500498504486,0.11166500498504486,0.12462612163509472,0.11241991158000102,0.0073124096354223395,11,1.3164714677298779,1.3229504111637178,1.316392625809666,1.308918784255107,1.3238664673642253,1.3177199512645188,0.005402192437298147
2.8024375438690186,0.13429760236080732,0.055255889892578125,0.003389406301159478,False,,2,2,200,"{'bootstrap': False, 'max_depth': None, 'min_samples_leaf': 2, 'min_samples_split': 2, 'n_estimators': 200}",0.11254980079681275,0.10159362549800798,0.11166500498504486,0.11166500498504486,0.12462612163509472,0.11241991158000102,0.0073124096354223395,11,1.3202093197109395,1.3229504111637178,1.3238664673642253,1.316392625809666,1.3238664673642253,1.3214570582825549,0.002865167879510615
6.907024335861206,0.15145907124106106,0.1286527156829834,0.005773594408350379,False,,2,2,500,"{'bootstrap': False, 'max_depth': None, 'min_samples_leaf': 2, 'min_samples_split': 2, 'n_estimators': 500}",0.11254980079681275,0.099601593625498,0.11166500498504486,0.11166500498504486,0.12462612163509472,0.11202150520549903,0.00792040201048465,20,1.3164714677298779,1.3229504111637178,1.3238664673642253,1.3201295465869456,1.3238664673642253,1.3214568720417985,0.002844609194980672
1.4187583923339844,0.04430457640029912,0.030566072463989256,0.0025280785176016118,False,,2,5,100,"{'bootstrap': False, 'max_depth': None, 'min_samples_leaf': 2, 'min_samples_split': 5, 'n_estimators': 100}",0.11254980079681275,0.09760956175298804,0.11166500498504486,0.11166500498504486,0.12662013958125623,0.11202190242022936,0.009179951197829819,19,1.2790929479192623,1.289309743334164,1.2977080219232686,1.2678126557050324,1.3014449427005481,1.287073662316455,0.012323161448409493
2.8877047538757323,0.054323035592117735,0.056443214416503906,0.0004985692897377017,False,,2,5,200,"{'bootstrap': False, 'max_depth': None, 'min_samples_leaf': 2, 'min_samples_split': 5, 'n_estimators': 200}",0.11254980079681275,0.099601593625498,0.11166500498504486,0.11166500498504486,0.12662013958125623,0.11242030879473135,0.008568691718393535,9,1.2977822078245702,1.3005232992773486,1.2939711011459891,1.271549576482312,1.3014449427005481,1.2930542254861535,0.011061967324275179
7.0126079559326175,0.30138657790927675,0.12959690093994142,0.004274718945476624,False,,2,5,500,"{'bootstrap': False, 'max_depth': None, 'min_samples_leaf': 2, 'min_samples_split': 5, 'n_estimators': 500}",0.11254980079681275,0.10159362549800798,0.11166500498504486,0.11166500498504486,0.12662013958125623,0.11281871516923334,0.00799019853627839,8,1.2940443558435086,1.3117368552205333,1.2977080219232686,1.2827603388141504,1.308918784255107,1.2990336712113137,0.01049341036120804
1.3936614513397216,0.04289938188163888,0.03008131980895996,0.0018382101417647317,False,,2,10,100,"{'bootstrap': False, 'max_depth': None, 'min_samples_leaf': 2, 'min_samples_split': 10, 'n_estimators': 100}",0.11254980079681275,0.10159362549800798,0.11166500498504486,0.10967098703888335,0.10967098703888335,0.10903008107152645,0.0038846787097391207,162,0.5913281834039372,0.6351856466483927,0.5839561534628799,0.598903836571998,0.5465869456900847,0.5911921531554585,0.028414433866041793
2.7162882804870607,0.08301421433905314,0.05537285804748535,0.0033915098894203733,False,,2,10,200,"{'bootstrap': False, 'max_depth': None, 'min_samples_leaf': 2, 'min_samples_split': 10, 'n_estimators': 200}",0.11254980079681275,0.10159362549800798,0.11166500498504486,0.11166500498504486,0.10967098703888335,0.10942888466075876,0.004029652229327405,151,0.5950660353849988,0.6090206827809619,0.5764823119083209,0.6325361235675137,0.5279023418036871,0.5882014990890965,0.035268816008775385
7.014462471008301,0.2897821936001495,0.12736287117004394,0.004993626147611113,False,,2,10,500,"{'bootstrap': False, 'max_depth': None, 'min_samples_leaf': 2, 'min_samples_split': 10, 'n_estimators': 500}",0.11254980079681275,0.10159362549800798,0.11166500498504486,0.11166500498504486,0.11166500498504486,0.10982768824999105,0.004131268194535078,29,0.6100174433092449,0.6164963867430849,0.5727453911310414,0.6250622820129547,0.5279023418036871,0.5904447690000026,0.0360138077698095
1.2639129638671875,0.014400499491018032,0.027526712417602538,0.0015782810949522485,False,,4,2,100,"{'bootstrap': False, 'max_depth': None, 'min_samples_leaf': 4, 'min_samples_split': 2, 'n_estimators': 100}",0.11254980079681275,0.10159362549800798,0.11166500498504486,0.11166500498504486,0.11166500498504486,0.10982768824999105,0.004131268194535078,29,0.3670570645402442,0.3735360079740842,0.3597409068261086,0.39711011459890383,0.3148978574987544,0.362468390287619,0.02688490993757942
2.575823259353638,0.05010863258708401,0.05286092758178711,0.0030525174923922054,False,,4,2,200,"{'bootstrap': False, 'max_depth': None, 'min_samples_leaf': 4, 'min_samples_split': 2, 'n_estimators': 200}",0.11254980079681275,0.10159362549800798,0.11166500498504486,0.11166500498504486,0.11166500498504486,0.10982768824999105,0.004131268194535078,29,0.35584350859705954,0.3847495639172689,0.3560039860488291,0.39711011459890383,0.2999501743896363,0.3587314695103395,0.03352873924184602
6.492782020568848,0.22618553727099316,0.12404112815856934,0.00541090165373183,False,,4,2,500,"{'bootstrap': False, 'max_depth': None, 'min_samples_leaf': 4, 'min_samples_split': 2, 'n_estimators': 500}",0.11254980079681275,0.10159362549800798,0.11166500498504486,0.11166500498504486,0.11166500498504486,0.10982768824999105,0.004131268194535078,29,0.35584350859705954,0.3847495639172689,0.34853014449427006,0.3858993522670653,0.30742401594419533,0.3564893170439718,0.0287567765697098
1.2822979927062987,0.032212280086997565,0.027425718307495118,0.0019938106221558997,False,,4,5,100,"{'bootstrap': False, 'max_depth': None, 'min_samples_leaf': 4, 'min_samples_split': 5, 'n_estimators': 100}",0.11254980079681275,0.10159362549800798,0.11166500498504486,0.11166500498504486,0.11166500498504486,0.10982768824999105,0.004131268194535078,29,0.3670570645402442,0.3735360079740842,0.3597409068261086,0.39711011459890383,0.3148978574987544,0.362468390287619,0.02688490993757942
2.6954096794128417,0.10542184125781458,0.05274829864501953,0.001893292469547316,False,,4,5,200,"{'bootstrap': False, 'max_depth': None, 'min_samples_leaf': 4, 'min_samples_split': 5, 'n_estimators': 200}",0.11254980079681275,0.10159362549800798,0.11166500498504486,0.11166500498504486,0.11166500498504486,0.10982768824999105,0.004131268194535078,29,0.35584350859705954,0.3847495639172689,0.3560039860488291,0.39711011459890383,0.2999501743896363,0.3587314695103395,0.03352873924184602
6.551846981048584,0.21965885377156824,0.1258403778076172,0.004427065840241744,False,,4,5,500,"{'bootstrap': False, 'max_depth': None, 'min_samples_leaf': 4, 'min_samples_split': 5, 'n_estimators': 500}",0.11254980079681275,0.10159362549800798,0.11166500498504486,0.11166500498504486,0.11166500498504486,0.10982768824999105,0.004131268194535078,29,0.35584350859705954,0.3847495639172689,0.34853014449427006,0.3858993522670653,0.30742401594419533,0.3564893170439718,0.0287567765697098
1.3015318870544434,0.028694457001748764,0.027827119827270506,0.003727637478028986,False,,4,10,100,"{'bootstrap': False, 'max_depth': None, 'min_samples_leaf': 4, 'min_samples_split': 10, 'n_estimators': 100}",0.11254980079681275,0.10159362549800798,0.11166500498504486,0.10967098703888335,0.11166500498504486,0.10942888466075876,0.004029652229327405,151,0.277348616994767,0.30999252429603785,0.3111609367214748,0.341056302939711,0.23642252117588441,0.295196180425575,0.035636595276618326
2.569588136672974,0.07407448830486407,0.054126548767089847,0.0020198051727923555,False,,4,10,200,"{'bootstrap': False, 'max_depth': None, 'min_samples_leaf': 4, 'min_samples_split': 10, 'n_estimators': 200}",0.11254980079681275,0.10159362549800798,0.11166500498504486,0.10967098703888335,0.11166500498504486,0.10942888466075876,0.004029652229327405,151,0.28108646897582856,0.2987789683528532,0.2999501743896363,0.3373193821624315,0.26258096661684105,0.2959431920995181,0.02477840571661378
9.565416860580445,0.4976382838423433,0.2223513603210449,0.142850990845721,False,,4,10,500,"{'bootstrap': False, 'max_depth': None, 'min_samples_leaf': 4, 'min_samples_split': 10, 'n_estimators': 500}",0.11254980079681275,0.10159362549800798,0.11166500498504486,0.10967098703888335,0.11166500498504486,0.10942888466075876,0.004029652229327405,151,0.28856217293795167,0.30999252429603785,0.2887394120577977,0.32984554060787247,0.255107125062282,0.29444935499238833,0.0249381373998117
1.1496614933013916,0.02749891724805218,0.027940654754638673,0.003188453849900349,False,10.0,1,2,100,"{'bootstrap': False, 'max_depth': 10, 'min_samples_leaf': 1, 'min_samples_split': 2, 'n_estimators': 100}",0.11254980079681275,0.10159362549800798,0.11166500498504486,0.11166500498504486,0.11166500498504486,0.10982768824999105,0.004131268194535078,29,0.4343384001993521,0.45576875155743835,0.39711011459890383,0.4569008470353762,0.43821624314897856,0.4364668713080098,0.021664048259492044
4.448007345199585,0.9874163508969795,0.21822199821472169,0.029665024686761295,False,10.0,1,2,200,"{'bootstrap': False, 'max_depth': 10, 'min_samples_leaf': 1, 'min_samples_split': 2, 'n_estimators': 200}",0.11254980079681275,0.10159362549800798,0.11166500498504486,0.11166500498504486,0.11166500498504486,0.10982768824999105,0.004131268194535078,29,0.4306005482182906,0.46324445551956145,0.41953163926258097,0.4419531639262581,0.43447932237169906,0.437961825859678,0.014567979675588105
7.787918138504028,1.338766456610593,0.11686711311340332,0.012686884211771955,False,10.0,1,2,500,"{'bootstrap': False, 'max_depth': 10, 'min_samples_leaf': 1, 'min_samples_split': 2, 'n_estimators': 500}",0.11254980079681275,0.10159362549800798,0.11166500498504486,0.11166500498504486,0.11166500498504486,0.10982768824999105,0.004131268194535078,29,0.4380762521804137,0.44081734363319214,0.4120577977080219,0.45316392625809665,0.4307424015944195,0.43497154427482876,0.013547699237003193
1.217860794067383,0.12164389450103426,0.025905513763427736,0.0015330971559892573,False,10.0,1,5,100,"{'bootstrap': False, 'max_depth': 10, 'min_samples_leaf': 1, 'min_samples_split': 5, 'n_estimators': 100}",0.11254980079681275,0.10159362549800798,0.11166500498504486,0.11166500498504486,0.11166500498504486,0.10982768824999105,0.004131268194535078,29,0.33341639671069023,0.33615748816346874,0.31863477827603387,0.36347782760338815,0.31863477827603387,0.334064253805923,0.016407907256474098
2.2863746643066407,0.05938232731509672,0.046457099914550784,0.0021707247988253637,False,10.0,1,5,200,"{'bootstrap': False, 'max_depth': 10, 'min_samples_leaf': 1, 'min_samples_split': 5, 'n_estimators': 200}",0.11254980079681275,0.10159362549800798,0.11166500498504486,0.11166500498504486,0.11166500498504486,0.10982768824999105,0.004131268194535078,29,0.3184649887864441,0.33615748816346874,0.32984554060787247,0.38216243148978574,0.3223716990533134,0.3378004296201769,0.023003789795801387
5.608775043487549,0.16800140983258527,0.11379938125610352,0.00431089200237791,False,10.0,1,5,500,"{'bootstrap': False, 'max_depth': 10, 'min_samples_leaf': 1, 'min_samples_split': 5, 'n_estimators': 500}",0.11254980079681275,0.10159362549800798,0.11166500498504486,0.11166500498504486,0.11166500498504486,0.10982768824999105,0.004131268194535078,29,0.310989284824321,0.33989534014453027,0.32984554060787247,0.3746885899352267,0.3223716990533134,0.3355580909130528,0.02172624255831563
1.1205018997192382,0.031766017090975256,0.024306058883666992,0.002449202805716022,False,10.0,1,10,100,"{'bootstrap': False, 'max_depth': 10, 'min_samples_leaf': 1, 'min_samples_split': 10, 'n_estimators': 100}",0.11254980079681275,0.10159362549800798,0.11166500498504486,0.11166500498504486,0.11166500498504486,0.10982768824999105,0.004131268194535078,29,0.2250186892599053,0.20907052080737604,0.21400099651220728,0.21400099651220728,0.2326856003986049,0.21895536069806018,0.008626528202236233
2.2692120552062987,0.05969356879914546,0.047681760787963864,0.0034167260513007815,False,10.0,1,10,200,"{'bootstrap': False, 'max_depth': 10, 'min_samples_leaf': 1, 'min_samples_split': 10, 'n_estimators': 200}",0.11254980079681275,0.10159362549800798,0.11166500498504486,0.11166500498504486,0.11166500498504486,0.10982768824999105,0.004131268194535078,29,0.20632942935459755,0.21654622476949914,0.19531639262580966,0.22894867962132537,0.21026407573492775,0.2114809604212319,0.011136340957910756
8.100456047058106,1.2192904635217654,0.27931919097900393,0.21367246302271817,False,10.0,1,10,500,"{'bootstrap': False, 'max_depth': 10, 'min_samples_leaf': 1, 'min_samples_split': 10, 'n_estimators': 500}",0.11254980079681275,0.10159362549800798,0.11166500498504486,0.11166500498504486,0.11166500498504486,0.10982768824999105,0.004131268194535078,29,0.20632942935459755,0.2128083727884376,0.19531639262580966,0.2326856003986049,0.21400099651220728,0.2122281583359314,0.012188431915444073
1.143663263320923,0.03529814651140536,0.02500162124633789,0.0013397317523593936,False,10.0,2,2,100,"{'bootstrap': False, 'max_depth': 10, 'min_samples_leaf': 2, 'min_samples_split': 2, 'n_estimators': 100}",0.11254980079681275,0.10159362549800798,0.11166500498504486,0.11166500498504486,0.11166500498504486,0.10982768824999105,0.004131268194535078,29,0.310989284824321,0.3025168203339148,0.27379172894867965,0.30742401594419533,0.2999501743896363,0.2989344048881494,0.013140877197979212
2.99292197227478,0.7278498457383388,0.18715615272521974,0.03981193713193071,False,10.0,2,2,200,"{'bootstrap': False, 'max_depth': 10, 'min_samples_leaf': 2, 'min_samples_split': 2, 'n_estimators': 200}",0.11254980079681275,0.10159362549800798,0.11166500498504486,0.11166500498504486,0.11166500498504486,0.10982768824999105,0.004131268194535078,29,0.28856217293795167,0.30625467231497633,0.27752864972595914,0.3261086198305929,0.3036870951669158,0.3004282419952792,0.01654837841604677
8.885519361495971,0.6425193960422976,0.12982177734375,0.007956740540617246,False,10.0,2,2,500,"{'bootstrap': False, 'max_depth': 10, 'min_samples_leaf': 2, 'min_samples_split': 2, 'n_estimators': 500}",0.11254980079681275,0.10159362549800798,0.11166500498504486,0.11166500498504486,0.11166500498504486,0.10982768824999105,0.004131268194535078,29,0.28856217293795167,0.30625467231497633,0.27752864972595914,0.33358246138515196,0.3036870951669158,0.30192301030619095,0.018962030150140703
2.0049633026123046,0.7699342460666236,0.024039840698242186,0.001772052337765062,False,10.0,2,5,100,"{'bootstrap': False, 'max_depth': 10, 'min_samples_leaf': 2, 'min_samples_split': 5, 'n_estimators': 100}",0.11254980079681275,0.10159362549800798,0.11166500498504486,0.11166500498504486,0.11166500498504486,0.10982768824999105,0.004131268194535078,29,0.23249439322202842,0.2688761525043608,0.24015944195316394,0.3036870951669158,0.27379172894867965,0.26380176235902975,0.025516658548717805
2.259379196166992,0.06864876807019635,0.048186874389648436,0.0019406109360286924,False,10.0,2,5,200,"{'bootstrap': False, 'max_depth': 10, 'min_samples_leaf': 2, 'min_samples_split': 5, 'n_estimators': 200}",0.11254980079681275,0.10159362549800798,0.11166500498504486,0.11166500498504486,0.11166500498504486,0.10982768824999105,0.004131268194535078,29,0.25492150510839773,0.2800897084475455,0.24389636273044346,0.3148978574987544,0.28126557050323864,0.2750142008576759,0.024607245839343466
5.734209251403809,0.23367420018362203,0.1128359317779541,0.0032900392199684265,False,10.0,2,5,500,"{'bootstrap': False, 'max_depth': 10, 'min_samples_leaf': 2, 'min_samples_split': 5, 'n_estimators': 500}",0.11254980079681275,0.10159362549800798,0.11166500498504486,0.11166500498504486,0.11166500498504486,0.10982768824999105,0.004131268194535078,29,0.2474458011462746,0.2800897084475455,0.2326856003986049,0.30742401594419533,0.2850024912805182,0.27052952344342773,0.026933578517271586
1.169489049911499,0.07351514726730772,0.024176692962646483,0.0016567174846957148,False,10.0,2,10,100,"{'bootstrap': False, 'max_depth': 10, 'min_samples_leaf': 2, 'min_samples_split': 10, 'n_estimators': 100}",0.11254980079681275,0.10159362549800798,0.11166500498504486,0.11166500498504486,0.11166500498504486,0.10982768824999105,0.004131268194535078,29,0.1652130575629205,0.18290555693994517,0.15421026407573493,0.16915794718485302,0.1841056302939711,0.17111849121148495,0.011244614038435938
2.29358115196228,0.09365501046320558,0.047694063186645506,0.0030843731387044234,False,10.0,2,10,200,"{'bootstrap': False, 'max_depth': 10, 'min_samples_leaf': 2, 'min_samples_split': 10, 'n_estimators': 200}",0.11254980079681275,0.10159362549800798,0.11166500498504486,0.11166500498504486,0.11166500498504486,0.10982768824999105,0.004131268194535078,29,0.18390231746822827,0.17916770495888362,0.1504733432984554,0.19157947184853014,0.18036870951669157,0.1770983094181578,0.013999038013120878
5.606364965438843,0.17137835791067887,0.11177253723144531,0.003928578846779766,False,10.0,2,10,500,"{'bootstrap': False, 'max_depth': 10, 'min_samples_leaf': 2, 'min_samples_split': 10, 'n_estimators': 500}",0.11254980079681275,0.10159362549800798,0.11166500498504486,0.11166500498504486,0.11166500498504486,0.10982768824999105,0.004131268194535078,29,0.18390231746822827,0.17542985297782207,0.15794718485301446,0.21026407573492775,0.16915794718485302,0.17934027564376914,0.017627984510653134
1.1198648452758788,0.028923412784565356,0.02416391372680664,0.0020839428749453845,False,10.0,4,2,100,"{'bootstrap': False, 'max_depth': 10, 'min_samples_leaf': 4, 'min_samples_split': 2, 'n_estimators': 100}",0.11254980079681275,0.10159362549800798,0.11166500498504486,0.11166500498504486,0.11166500498504486,0.10982768824999105,0.004131268194535078,29,0.1652130575629205,0.13057562920508348,0.13552566018933732,0.1504733432984554,0.15794718485301446,0.1479469750217622,0.013119123883137225
2.2811967372894286,0.10728206989576182,0.04842433929443359,0.00288223087090202,False,10.0,4,2,200,"{'bootstrap': False, 'max_depth': 10, 'min_samples_leaf': 4, 'min_samples_split': 2, 'n_estimators': 200}",0.11254980079681275,0.10159362549800798,0.11166500498504486,0.11166500498504486,0.11166500498504486,0.10982768824999105,0.004131268194535078,29,0.16895090954398206,0.14552703712932968,0.14299950174389636,0.16168410563029398,0.1504733432984554,0.15392697946919148,0.009877123920667374
8.105265665054322,0.7895573166235161,0.2660329818725586,0.191751067520799,False,10.0,4,2,500,"{'bootstrap': False, 'max_depth': 10, 'min_samples_leaf': 4, 'min_samples_split': 2, 'n_estimators': 500}",0.11254980079681275,0.10159362549800798,0.11166500498504486,0.11166500498504486,0.11166500498504486,0.10982768824999105,0.004131268194535078,29,0.16895090954398206,0.14178918514826813,0.14673642252117589,0.16915794718485302,0.14673642252117589,0.154674177383891,0.011879760925636631
1.1551580429077148,0.06769798896487123,0.02444915771484375,0.00233656724235586,False,10.0,4,5,100,"{'bootstrap': False, 'max_depth': 10, 'min_samples_leaf': 4, 'min_samples_split': 5, 'n_estimators': 100}",0.11254980079681275,0.10159362549800798,0.11166500498504486,0.11166500498504486,0.11166500498504486,0.10982768824999105,0.004131268194535078,29,0.1652130575629205,0.13057562920508348,0.13552566018933732,0.1504733432984554,0.15794718485301446,0.1479469750217622,0.013119123883137225
3.1302517890930175,0.37970470882374646,0.19255990982055665,0.018397269956787157,False,10.0,4,5,200,"{'bootstrap': False, 'max_depth': 10, 'min_samples_leaf': 4, 'min_samples_split': 5, 'n_estimators': 200}",0.11254980079681275,0.10159362549800798,0.11166500498504486,0.11166500498504486,0.11166500498504486,0.10982768824999105,0.004131268194535078,29,0.16895090954398206,0.14552703712932968,0.14299950174389636,0.16168410563029398,0.1504733432984554,0.15392697946919148,0.009877123920667374
8.177146863937377,0.5585199113508135,0.1200706958770752,0.006187818561659146,False,10.0,4,5,500,"{'bootstrap': False, 'max_depth': 10, 'min_samples_leaf': 4, 'min_samples_split': 5, 'n_estimators': 500}",0.11254980079681275,0.10159362549800798,0.11166500498504486,0.11166500498504486,0.11166500498504486,0.10982768824999105,0.004131268194535078,29,0.16895090954398206,0.14178918514826813,0.14673642252117589,0.16915794718485302,0.14673642252117589,0.154674177383891,0.011879760925636631
1.877073097229004,0.6511896963108992,0.024580049514770507,0.002032536961870531,False,10.0,4,10,100,"{'bootstrap': False, 'max_depth': 10, 'min_samples_leaf': 4, 'min_samples_split': 10, 'n_estimators': 100}",0.11254980079681275,0.10159362549800798,0.11166500498504486,0.11166500498504486,0.11166500498504486,0.10982768824999105,0.004131268194535078,29,0.1502616496386743,0.13431348118614503,0.12431489785749876,0.14673642252117589,0.13552566018933732,0.13823042227856625,0.00931023584354383
2.151275396347046,0.034726481903463,0.04778962135314942,0.004258629777852036,False,10.0,4,10,200,"{'bootstrap': False, 'max_depth': 10, 'min_samples_leaf': 4, 'min_samples_split': 10, 'n_estimators': 200}",0.11254980079681275,0.10159362549800798,0.11166500498504486,0.11166500498504486,0.11166500498504486,0.10982768824999105,0.004131268194535078,29,0.15399950161973586,0.13805133316720658,0.12805181863477827,0.15421026407573493,0.1317887394120578,0.14122033138190268,0.010995023857176309
5.47539119720459,0.14678792138439786,0.11063318252563477,0.004345980265203962,False,10.0,4,10,500,"{'bootstrap': False, 'max_depth': 10, 'min_samples_leaf': 4, 'min_samples_split': 10, 'n_estimators': 500}",0.11254980079681275,0.10159362549800798,0.11166500498504486,0.11166500498504486,0.11166500498504486,0.10982768824999105,0.004131268194535078,29,0.1577373536007974,0.14178918514826813,0.13926258096661684,0.15421026407573493,0.13926258096661684,0.1464523929516068,0.007907808811655613
1.4752697467803955,0.046130348196812845,0.028020763397216798,0.003002140874823888,False,20.0,1,2,100,"{'bootstrap': False, 'max_depth': 20, 'min_samples_leaf': 1, 'min_samples_split': 2, 'n_estimators': 100}",0.11254980079681275,0.09760956175298804,0.11166500498504486,0.12462612163509472,0.1226321036889332,0.11381651857177473,0.009627679817128391,2,1.323947171692001,1.3229504111637178,1.3238664673642253,1.3238664673642253,1.3238664673642253,1.3236993969896789,0.0003757950507270353
2.9671475887298584,0.09822459432125294,0.05695662498474121,0.0026191547968257437,False,20.0,1,2,200,"{'bootstrap': False, 'max_depth': 20, 'min_samples_leaf': 1, 'min_samples_split': 2, 'n_estimators': 200}",0.11254980079681275,0.09760956175298804,0.11166500498504486,0.12462612163509472,0.1226321036889332,0.11381651857177473,0.009627679817128391,2,1.323947171692001,1.3229504111637178,1.3238664673642253,1.3238664673642253,1.3238664673642253,1.3236993969896789,0.0003757950507270353
10.79982624053955,0.3544197144188837,0.13845157623291016,0.0051124006222005485,False,20.0,1,2,500,"{'bootstrap': False, 'max_depth': 20, 'min_samples_leaf': 1, 'min_samples_split': 2, 'n_estimators': 500}",0.11254980079681275,0.099601593625498,0.11166500498504486,0.1226321036889332,0.1226321036889332,0.1138161213570444,0.008529088544392093,4,1.323947171692001,1.3229504111637178,1.3238664673642253,1.3238664673642253,1.3238664673642253,1.3236993969896789,0.0003757950507270353
1.4154977321624755,0.045956548859297036,0.02870640754699707,0.00024473653092823926,False,20.0,1,5,100,"{'bootstrap': False, 'max_depth': 20, 'min_samples_leaf': 1, 'min_samples_split': 5, 'n_estimators': 100}",0.12749003984063745,0.099601593625498,0.10967098703888335,0.10767696909272183,0.12462612163509472,0.11381314224656706,0.010590148591997512,5,1.323947171692001,1.3192125591826565,1.3238664673642253,1.3201295465869456,1.3238664673642253,1.3222044424380106,0.002088938350926969
4.670285320281982,1.3019125793502666,0.187459135055542,0.06572752910713485,False,20.0,1,5,200,"{'bootstrap': False, 'max_depth': 20, 'min_samples_leaf': 1, 'min_samples_split': 5, 'n_estimators': 200}",0.11254980079681275,0.099601593625498,0.10967098703888335,0.10767696909272183,0.12462612163509472,0.11082509443780213,0.008132067280656116,26,1.3202093197109395,1.3192125591826565,1.3238664673642253,1.3201295465869456,1.3238664673642253,1.3214568720417985,0.0019983702923514926
9.432838535308838,0.9180301088859335,0.13257675170898436,0.007549823354047446,False,20.0,1,5,500,"{'bootstrap': False, 'max_depth': 20, 'min_samples_leaf': 1, 'min_samples_split': 5, 'n_estimators': 500}",0.11254980079681275,0.099601593625498,0.10967098703888335,0.10767696909272183,0.12462612163509472,0.11082509443780213,0.008132067280656116,26,1.3202093197109395,1.3229504111637178,1.3238664673642253,1.3201295465869456,1.3238664673642253,1.3222044424380106,0.0016951006188007719
1.4150313854217529,0.037979182439109686,0.02846107482910156,0.0021071725667647424,False,20.0,1,10,100,"{'bootstrap': False, 'max_depth': 20, 'min_samples_leaf': 1, 'min_samples_split': 10, 'n_estimators': 100}",0.11254980079681275,0.10159362549800798,0.11166500498504486,0.11166500498504486,0.12462612163509472,0.11241991158000102,0.0073124096354223395,11,0.9464241216047844,0.99028158484924,0.935226706527155,0.9838066766317888,0.9389636273044345,0.9589405433834806,0.0233181024592524
2.83164324760437,0.056838959447601686,0.05474085807800293,0.0033618790005000383,False,20.0,1,10,200,"{'bootstrap': False, 'max_depth': 20, 'min_samples_leaf': 1, 'min_samples_split': 10, 'n_estimators': 200}",0.11254980079681275,0.10159362549800798,0.11166500498504486,0.11166500498504486,0.10967098703888335,0.10942888466075876,0.004029652229327405,151,0.9426862696237229,0.997757288811363,0.9090682610861983,0.9838066766317888,0.9763328350772297,0.9619302662460605,0.03204468711570734
9.35678210258484,1.196411120764901,0.29917383193969727,0.20657853844698706,False,20.0,1,10,500,"{'bootstrap': False, 'max_depth': 20, 'min_samples_leaf': 1, 'min_samples_split': 10, 'n_estimators': 500}",0.11254980079681275,0.10159362549800798,0.11166500498504486,0.11166500498504486,0.10967098703888335,0.10942888466075876,0.004029652229327405,151,0.950161973585846,0.997757288811363,0.9314897857498754,0.9912805181863478,0.9725959142999502,0.9686570961266765,0.024890292272385314
1.394380760192871,0.033284362290641856,0.028795909881591798,0.0018320574187919486,False,20.0,2,2,100,"{'bootstrap': False, 'max_depth': 20, 'min_samples_leaf': 2, 'min_samples_split': 2, 'n_estimators': 100}",0.11254980079681275,0.10159362549800798,0.11166500498504486,0.10967098703888335,0.12462612163509472,0.11202110799076873,0.007396595893149974,21,1.3015200598056318,1.3229504111637178,1.3126557050323866,1.3051818634778276,1.316392625809666,1.311740133057846,0.007689149409682588
3.6478368282318114,0.7925685050103575,0.21418461799621583,0.021669161692413143,False,20.0,2,2,200,"{'bootstrap': False, 'max_depth': 20, 'min_samples_leaf': 2, 'min_samples_split': 2, 'n_estimators': 200}",0.11254980079681275,0.10159362549800798,0.11166500498504486,0.11166500498504486,0.12462612163509472,0.11241991158000102,0.0073124096354223395,11,1.3089957637677547,1.3229504111637178,1.308918784255107,1.3051818634778276,1.316392625809666,1.3124878896948147,0.006372170679248647
9.825879383087159,0.6979663434164325,0.1378389358520508,0.0054684111984671935,False,20.0,2,2,500,"{'bootstrap': False, 'max_depth': 20, 'min_samples_leaf': 2, 'min_samples_split': 2, 'n_estimators': 500}",0.11254980079681275,0.10159362549800798,0.11166500498504486,0.11166500498504486,0.12462612163509472,0.11241991158000102,0.0073124096354223395,11,1.3127336157488163,1.3229504111637178,1.308918784255107,1.308918784255107,1.316392625809666,1.313982844246483,0.0052739791927771595
2.183406925201416,0.6444769142629122,0.030939197540283202,0.006863520363662127,False,20.0,2,5,100,"{'bootstrap': False, 'max_depth': 20, 'min_samples_leaf': 2, 'min_samples_split': 5, 'n_estimators': 100}",0.11254980079681275,0.099601593625498,0.11166500498504486,0.10967098703888335,0.12462612163509472,0.11162270161626672,0.007978301345135193,22,1.2155494642412161,1.2743583354099177,1.2491280518186347,1.279023418036871,1.271549576482312,1.2579217691977904,0.023553764525591086
2.8631707668304442,0.13663499966375128,0.054371881484985354,0.0029250262375776553,False,20.0,2,5,200,"{'bootstrap': False, 'max_depth': 20, 'min_samples_leaf': 2, 'min_samples_split': 5, 'n_estimators': 200}",0.11254980079681275,0.099601593625498,0.11166500498504486,0.10967098703888335,0.12462612163509472,0.11162270161626672,0.007978301345135193,22,1.2529279840518315,1.2930475953152256,1.2678126557050324,1.2528649725959142,1.2939711011459891,1.2721248617627987,0.018292498572631634
6.927797412872314,0.2610773653509563,0.1931016445159912,0.12560258849661612,False,20.0,2,5,500,"{'bootstrap': False, 'max_depth': 20, 'min_samples_leaf': 2, 'min_samples_split': 5, 'n_estimators': 500}",0.11254980079681275,0.10159362549800798,0.11166500498504486,0.10967098703888335,0.12662013958125623,0.11241991158000104,0.008087005464636464,10,1.2529279840518315,1.3042611512584101,1.2566018933731937,1.2453911310413552,1.2902341803687096,1.2698832680187,0.023063997182229196
1.3699813842773438,0.022921905885301654,0.029636669158935546,0.0015267128557922322,False,20.0,2,10,100,"{'bootstrap': False, 'max_depth': 20, 'min_samples_leaf': 2, 'min_samples_split': 10, 'n_estimators': 100}",0.11254980079681275,0.10159362549800798,0.11166500498504486,0.11166500498504486,0.10967098703888335,0.10942888466075876,0.004029652229327405,151,0.5689010715175679,0.6015449788188387,0.5951669157947185,0.591429995017439,0.520428500249128,0.5754942922795385,0.02964897643711202
2.727736568450928,0.09605530421117209,0.05444808006286621,0.0029385882550704017,False,20.0,2,10,200,"{'bootstrap': False, 'max_depth': 20, 'min_samples_leaf': 2, 'min_samples_split': 10, 'n_estimators': 200}",0.11254980079681275,0.10159362549800798,0.11166500498504486,0.11166500498504486,0.10967098703888335,0.10942888466075876,0.004029652229327405,151,0.576376775479691,0.582855718913531,0.5727453911310414,0.5802192326856004,0.520428500249128,0.5665251236917983,0.023301769993762916
10.083902597427368,0.23976706523409597,0.1359488010406494,0.008963788294846143,False,20.0,2,10,500,"{'bootstrap': False, 'max_depth': 20, 'min_samples_leaf': 2, 'min_samples_split': 10, 'n_estimators': 500}",0.11254980079681275,0.10159362549800798,0.11166500498504486,0.11166500498504486,0.11166500498504486,0.10982768824999105,0.004131268194535078,29,0.5576875155743832,0.5978071268377773,0.5615346287992028,0.5951669157947185,0.5092177379172895,0.5642827849846743,0.032127621705078005
1.6254520416259766,0.6653838985748561,0.04767313003540039,0.03741567415715438,False,20.0,4,2,100,"{'bootstrap': False, 'max_depth': 20, 'min_samples_leaf': 4, 'min_samples_split': 2, 'n_estimators': 100}",0.11254980079681275,0.10159362549800798,0.11166500498504486,0.11166500498504486,0.11166500498504486,0.10982768824999105,0.004131268194535078,29,0.37079491652130575,0.3772738599551458,0.3560039860488291,0.39711011459890383,0.2999501743896363,0.36022661030276415,0.0329052275123032
5.8407968044281,0.13790939088735898,0.049646425247192386,0.0027042300841580475,False,20.0,4,2,200,"{'bootstrap': False, 'max_depth': 20, 'min_samples_leaf': 4, 'min_samples_split': 2, 'n_estimators': 200}",0.11254980079681275,0.10159362549800798,0.11166500498504486,0.11166500498504486,0.11166500498504486,0.10982768824999105,0.004131268194535078,29,0.3446299526538749,0.3772738599551458,0.34853014449427006,0.39337319382162433,0.2999501743896363,0.3527514650629103,0.03201008436888034
7.044478273391723,0.8326905961885425,0.12126407623291016,0.004709196314006681,False,20.0,4,2,500,"{'bootstrap': False, 'max_depth': 20, 'min_samples_leaf': 4, 'min_samples_split': 2, 'n_estimators': 500}",0.11254980079681275,0.10159362549800798,0.11166500498504486,0.11166500498504486,0.11166500498504486,0.10982768824999105,0.004131268194535078,29,0.35584350859705954,0.3772738599551458,0.341056302939711,0.3858993522670653,0.3036870951669158,0.35275202378517945,0.02916772263782426
1.311065673828125,0.025933026593437117,0.026814842224121095,0.00238121216155988,False,20.0,4,5,100,"{'bootstrap': False, 'max_depth': 20, 'min_samples_leaf': 4, 'min_samples_split': 5, 'n_estimators': 100}",0.11254980079681275,0.10159362549800798,0.11166500498504486,0.11166500498504486,0.11166500498504486,0.10982768824999105,0.004131268194535078,29,0.37079491652130575,0.3772738599551458,0.3560039860488291,0.39711011459890383,0.2999501743896363,0.36022661030276415,0.0329052275123032
2.6555768489837646,0.05466632074066884,0.05356764793395996,0.002800781214081083,False,20.0,4,5,200,"{'bootstrap': False, 'max_depth': 20, 'min_samples_leaf': 4, 'min_samples_split': 5, 'n_estimators': 200}",0.11254980079681275,0.10159362549800798,0.11166500498504486,0.11166500498504486,0.11166500498504486,0.10982768824999105,0.004131268194535078,29,0.3446299526538749,0.3772738599551458,0.34853014449427006,0.39337319382162433,0.2999501743896363,0.3527514650629103,0.03201008436888034
8.837897539138794,1.1050565567334623,0.2521848201751709,0.17326362956777014,False,20.0,4,5,500,"{'bootstrap': False, 'max_depth': 20, 'min_samples_leaf': 4, 'min_samples_split': 5, 'n_estimators': 500}",0.11254980079681275,0.10159362549800798,0.11166500498504486,0.11166500498504486,0.11166500498504486,0.10982768824999105,0.004131268194535078,29,0.35584350859705954,0.3772738599551458,0.341056302939711,0.3858993522670653,0.3036870951669158,0.35275202378517945,0.02916772263782426
1.265988826751709,0.031208943670408794,0.027820396423339843,0.001591212844489182,False,20.0,4,10,100,"{'bootstrap': False, 'max_depth': 20, 'min_samples_leaf': 4, 'min_samples_split': 10, 'n_estimators': 100}",0.11254980079681275,0.10159362549800798,0.11166500498504486,0.10967098703888335,0.11166500498504486,0.10942888466075876,0.004029652229327405,151,0.27361076501370546,0.30625467231497633,0.2999501743896363,0.32984554060787247,0.24015944195316394,0.28996411885587087,0.030671058871054785
3.5381728649139403,0.4079069622346744,0.18931150436401367,0.018795406617691905,False,20.0,4,10,200,"{'bootstrap': False, 'max_depth': 20, 'min_samples_leaf': 4, 'min_samples_split': 10, 'n_estimators': 200}",0.11254980079681275,0.10159362549800798,0.11166500498504486,0.11166500498504486,0.11166500498504486,0.10982768824999105,0.004131268194535078,29,0.2698729130326439,0.2987789683528532,0.29247633283507724,0.32984554060787247,0.25884404583956155,0.28996356013360164,0.024684635245851363
7.916427755355835,0.9227705520947379,0.09870753288269044,0.01635937153238236,False,20.0,4,10,500,"{'bootstrap': False, 'max_depth': 20, 'min_samples_leaf': 4, 'min_samples_split': 10, 'n_estimators': 500}",0.11254980079681275,0.10159362549800798,0.11166500498504486,0.11166500498504486,0.11166500498504486,0.10982768824999105,0.004131268194535078,29,0.2848243209568901,0.31373037627709943,0.2850024912805182,0.33358246138515196,0.2513702042850025,0.29370197083693245,0.028064435223943193
