mean_fit_time,std_fit_time,mean_score_time,std_score_time,param_colsample_bytree,param_learning_rate,param_max_depth,param_n_estimators,param_scale_pos_weight,param_subsample,params,split0_test_score,split1_test_score,split2_test_score,split3_test_score,split4_test_score,mean_test_score,std_test_score,rank_test_score
1.2191213607788085,0.10731652310270885,0.02915806770324707,0.003250688133621167,0.8,0.05,3,100,1.0,0.8,"{'colsample_bytree': 0.8, 'learning_rate': 0.05, 'max_depth': 3, 'n_estimators': 100, 'scale_pos_weight': 1, 'subsample': 0.8}",0.9347621563796051,0.9223311355571464,0.9221743096040438,0.9280873379956205,0.9265882041683302,0.9267886287409492,0.004614437025743191,108
0.9751655101776123,0.06130039741608935,0.028811931610107422,0.002347534190608251,0.8,0.05,3,100,1.0,1.0,"{'colsample_bytree': 0.8, 'learning_rate': 0.05, 'max_depth': 3, 'n_estimators': 100, 'scale_pos_weight': 1, 'subsample': 1}",0.9311174540982928,0.9251888363491902,0.9242577265405904,0.9292688844927066,0.9278924720961945,0.9275450747153948,0.0025382126311505764,107
1.1295757293701172,0.05423182435527676,0.027949142456054687,0.002813421690265894,0.8,0.05,3,100,0.09608346534112634,0.8,"{'colsample_bytree': 0.8, 'learning_rate': 0.05, 'max_depth': 3, 'n_estimators': 100, 'scale_pos_weight': np.float64(0.09608346534112634), 'subsample': 0.8}",0.9322080005179545,0.9312110275385628,0.9285215277092997,0.9362475461679943,0.9316872419079393,0.93197506876835,0.0024860357792831542,106
0.8070366859436036,0.04118821653383613,0.02649064064025879,0.001860951543431429,0.8,0.05,3,100,0.09608346534112634,1.0,"{'colsample_bytree': 0.8, 'learning_rate': 0.05, 'max_depth': 3, 'n_estimators': 100, 'scale_pos_weight': np.float64(0.09608346534112634), 'subsample': 1}",0.9366254948502162,0.932292846901619,0.9287227348477041,0.933557076665775,0.9292764987572486,0.9320949304045125,0.00289890726479763,105
1.955184555053711,0.11711986508635397,0.042275524139404295,0.001238635405412085,0.8,0.05,3,200,1.0,0.8,"{'colsample_bytree': 0.8, 'learning_rate': 0.05, 'max_depth': 3, 'n_estimators': 200, 'scale_pos_weight': 1, 'subsample': 0.8}",0.9526578064416418,0.9449685236699407,0.9459871278152776,0.949000311936331,0.9489833223668185,0.948319418446002,0.002697927728771074,101
1.3608673572540284,0.07100907943745352,0.0421788215637207,0.004248922776543334,0.8,0.05,3,200,1.0,1.0,"{'colsample_bytree': 0.8, 'learning_rate': 0.05, 'max_depth': 3, 'n_estimators': 200, 'scale_pos_weight': 1, 'subsample': 1}",0.9494437881333214,0.9448502608644022,0.9448070358276255,0.9496624493849364,0.9471765147313784,0.9471880097883327,0.0021140305782177717,103
1.8549588203430176,0.023350759894508452,0.04114031791687012,0.001685921393747588,0.8,0.05,3,200,0.09608346534112634,0.8,"{'colsample_bytree': 0.8, 'learning_rate': 0.05, 'max_depth': 3, 'n_estimators': 200, 'scale_pos_weight': np.float64(0.09608346534112634), 'subsample': 0.8}",0.9535199575850131,0.9474244814972229,0.9517184171178007,0.9511630182846007,0.9520431777520736,0.9511738104473422,0.002030486955123043,99
1.3584713459014892,0.04588598954564584,0.04042811393737793,0.0006687864327064044,0.8,0.05,3,200,0.09608346534112634,1.0,"{'colsample_bytree': 0.8, 'learning_rate': 0.05, 'max_depth': 3, 'n_estimators': 200, 'scale_pos_weight': np.float64(0.09608346534112634), 'subsample': 1}",0.9538012000374144,0.9485826066629064,0.94927144741292,0.9507444179284473,0.9514370412240735,0.9507673426531523,0.0018256005183918964,100
2.726810121536255,0.10551133610862819,0.054393863677978514,0.0022431441824286103,0.8,0.05,3,300,1.0,0.8,"{'colsample_bytree': 0.8, 'learning_rate': 0.05, 'max_depth': 3, 'n_estimators': 300, 'scale_pos_weight': 1, 'subsample': 0.8}",0.9591409652363294,0.9554121997687405,0.9568054333311801,0.9567877181521732,0.9564296469403946,0.9569151926857635,0.0012228738854806384,91
1.917246198654175,0.041889978207816175,0.05459098815917969,0.002158116726961729,0.8,0.05,3,300,1.0,1.0,"{'colsample_bytree': 0.8, 'learning_rate': 0.05, 'max_depth': 3, 'n_estimators': 300, 'scale_pos_weight': 1, 'subsample': 1}",0.9571898713631856,0.954773931192902,0.9552676439080444,0.9556422360300337,0.9551093377331703,0.9555966040454672,0.0008441583829099079,93
2.7197403430938722,0.1180125516417986,0.060090494155883786,0.007192148121540393,0.8,0.05,3,300,0.09608346534112634,0.8,"{'colsample_bytree': 0.8, 'learning_rate': 0.05, 'max_depth': 3, 'n_estimators': 300, 'scale_pos_weight': np.float64(0.09608346534112634), 'subsample': 0.8}",0.958753916546365,0.9553051627924253,0.9587193066808528,0.9573527391247076,0.959212920825244,0.9578688091939188,0.0014249216305695824,89
1.9426522254943848,0.060623809581403496,0.056484222412109375,0.002299849377617629,0.8,0.05,3,300,0.09608346534112634,1.0,"{'colsample_bytree': 0.8, 'learning_rate': 0.05, 'max_depth': 3, 'n_estimators': 300, 'scale_pos_weight': np.float64(0.09608346534112634), 'subsample': 1}",0.9590133413572526,0.9551560569278582,0.9560893298530527,0.956448556388198,0.9590736228319184,0.957156181471656,0.0015978127572573578,90
1.5373566627502442,0.07480502325091325,0.039716148376464845,0.005623198493026079,0.8,0.05,5,100,1.0,0.8,"{'colsample_bytree': 0.8, 'learning_rate': 0.05, 'max_depth': 5, 'n_estimators': 100, 'scale_pos_weight': 1, 'subsample': 0.8}",0.9585948155913266,0.9558192759347609,0.95492889239032,0.9577637312776665,0.9572716275802864,0.956875668554872,0.0013271630107163238,92
1.282088327407837,0.04997733207808588,0.040320634841918945,0.002847969213038692,0.8,0.05,5,100,1.0,1.0,"{'colsample_bytree': 0.8, 'learning_rate': 0.05, 'max_depth': 5, 'n_estimators': 100, 'scale_pos_weight': 1, 'subsample': 1}",0.9571060692427048,0.9525286907580173,0.9533582832671296,0.9559279911911925,0.9560022774140056,0.9549846623746099,0.001737969062288325,96
1.5435311317443847,0.06831623667826169,0.0405179500579834,0.0015744932023959316,0.8,0.05,5,100,0.09608346534112634,0.8,"{'colsample_bytree': 0.8, 'learning_rate': 0.05, 'max_depth': 5, 'n_estimators': 100, 'scale_pos_weight': np.float64(0.09608346534112634), 'subsample': 0.8}",0.9577037607348391,0.9540613334554624,0.9548878304701379,0.9539714895265624,0.9551159780767192,0.9551480784527442,0.0013539311329558812,95
1.234867000579834,0.04108960718357983,0.041008710861206055,0.004394957731065456,0.8,0.05,5,100,0.09608346534112634,1.0,"{'colsample_bytree': 0.8, 'learning_rate': 0.05, 'max_depth': 5, 'n_estimators': 100, 'scale_pos_weight': np.float64(0.09608346534112634), 'subsample': 1}",0.9598356240240803,0.9520194632755762,0.9541294716281897,0.9553967595916693,0.9565604393251292,0.9555883515689289,0.002603316336203259,94
2.88427939414978,0.11118110933142157,0.06498966217041016,0.007069624709420119,0.8,0.05,5,200,1.0,0.8,"{'colsample_bytree': 0.8, 'learning_rate': 0.05, 'max_depth': 5, 'n_estimators': 200, 'scale_pos_weight': 1, 'subsample': 0.8}",0.9663405631651677,0.9634140155932363,0.9655662420145568,0.9651506998577265,0.9662736205040678,0.9653490282269509,0.0010647818815897915,67
2.3360461235046386,0.11612319637502498,0.06491580009460449,0.006461640098884414,0.8,0.05,5,200,1.0,1.0,"{'colsample_bytree': 0.8, 'learning_rate': 0.05, 'max_depth': 5, 'n_estimators': 200, 'scale_pos_weight': 1, 'subsample': 1}",0.965206344167365,0.9619347422034936,0.9641011780631334,0.9643249114502115,0.9647417156304957,0.9640617783029398,0.0011284874611669198,76
2.834553098678589,0.1348004410540523,0.0691305160522461,0.006148561774554445,0.8,0.05,5,200,0.09608346534112634,0.8,"{'colsample_bytree': 0.8, 'learning_rate': 0.05, 'max_depth': 5, 'n_estimators': 200, 'scale_pos_weight': np.float64(0.09608346534112634), 'subsample': 0.8}",0.9647265052345184,0.9621939432436992,0.9648036315296472,0.9632613293977541,0.9641080850957788,0.9638186989002795,0.0009826943269357037,79
2.249824285507202,0.0872204563063307,0.06428356170654297,0.003285894217454983,0.8,0.05,5,200,0.09608346534112634,1.0,"{'colsample_bytree': 0.8, 'learning_rate': 0.05, 'max_depth': 5, 'n_estimators': 200, 'scale_pos_weight': np.float64(0.09608346534112634), 'subsample': 1}",0.9649874964401812,0.9616349640795843,0.9640586989286306,0.9637934187848924,0.9655769813162369,0.964010311909905,0.0013491481668976087,77
4.17601752281189,0.17042449663575754,0.09803705215454102,0.0015711584683250704,0.8,0.05,5,300,1.0,0.8,"{'colsample_bytree': 0.8, 'learning_rate': 0.05, 'max_depth': 5, 'n_estimators': 300, 'scale_pos_weight': 1, 'subsample': 0.8}",0.9687663865405813,0.9667206749639841,0.9684989059851349,0.9676176224484361,0.9694654620436844,0.9682138103963641,0.0009526956727956346,53
3.2711402416229247,0.1268566240672592,0.09475884437561036,0.005712140825700912,0.8,0.05,5,300,1.0,1.0,"{'colsample_bytree': 0.8, 'learning_rate': 0.05, 'max_depth': 5, 'n_estimators': 300, 'scale_pos_weight': 1, 'subsample': 1}",0.9677621037189047,0.9657592069328336,0.9677905971857704,0.9669188611981787,0.9689181186698035,0.9674297775410983,0.00104953632490662,58
4.062671041488647,0.1682827942207501,0.1064683437347412,0.00749667961859561,0.8,0.05,5,300,0.09608346534112634,0.8,"{'colsample_bytree': 0.8, 'learning_rate': 0.05, 'max_depth': 5, 'n_estimators': 300, 'scale_pos_weight': np.float64(0.09608346534112634), 'subsample': 0.8}",0.9673719222393897,0.9655834723570855,0.967283383639469,0.9662576934225293,0.9677628481134821,0.9668518639543912,0.0008060295108206017,62
3.2866838455200194,0.12954036282766326,0.10457825660705566,0.008749063439201961,0.8,0.05,5,300,0.09608346534112634,1.0,"{'colsample_bytree': 0.8, 'learning_rate': 0.05, 'max_depth': 5, 'n_estimators': 300, 'scale_pos_weight': np.float64(0.09608346534112634), 'subsample': 1}",0.9665921560021786,0.9645543136945718,0.9661669171157868,0.9659943153295896,0.9681328793924846,0.9662881163069222,0.0011491449634360264,64
2.660282564163208,0.08887601486388526,0.05843462944030762,0.005966431237788123,0.8,0.05,7,100,1.0,0.8,"{'colsample_bytree': 0.8, 'learning_rate': 0.05, 'max_depth': 7, 'n_estimators': 100, 'scale_pos_weight': 1, 'subsample': 0.8}",0.9686717315420142,0.9654333222293348,0.9669287071081949,0.9665274116847978,0.9679429208006225,0.9671008186729928,0.0011239097463654176,59
2.508197021484375,0.17829196227305782,0.06052131652832031,0.002021516460967642,0.8,0.05,7,100,1.0,1.0,"{'colsample_bytree': 0.8, 'learning_rate': 0.05, 'max_depth': 7, 'n_estimators': 100, 'scale_pos_weight': 1, 'subsample': 1}",0.9680905244901348,0.9655931690866472,0.9671839548663486,0.9666284814429212,0.9674285926179824,0.9669849445008069,0.0008393855616300931,60
2.462309408187866,0.1400008260147011,0.05609011650085449,0.002283825151490904,0.8,0.05,7,100,0.09608346534112634,0.8,"{'colsample_bytree': 0.8, 'learning_rate': 0.05, 'max_depth': 7, 'n_estimators': 100, 'scale_pos_weight': np.float64(0.09608346534112634), 'subsample': 0.8}",0.9663245635613911,0.9634280385559869,0.9656412797833184,0.9636345043054226,0.9665263266119377,0.9651109425636113,0.0013243474865938228,70
2.0705923557281496,0.025874743331761194,0.058204936981201175,0.0031120153063741236,0.8,0.05,7,100,0.09608346534112634,1.0,"{'colsample_bytree': 0.8, 'learning_rate': 0.05, 'max_depth': 7, 'n_estimators': 100, 'scale_pos_weight': np.float64(0.09608346534112634), 'subsample': 1}",0.9665039157631676,0.9637909946025021,0.9645125058721156,0.9642500228619048,0.9665538579239554,0.9651222594047291,0.001171606635683333,69
5.185053777694702,0.13667231344384734,0.11540088653564454,0.012223894886985675,0.8,0.05,7,200,1.0,0.8,"{'colsample_bytree': 0.8, 'learning_rate': 0.05, 'max_depth': 7, 'n_estimators': 200, 'scale_pos_weight': 1, 'subsample': 0.8}",0.9720121056955456,0.9701975492336525,0.9720825188702087,0.9706841012869649,0.9737396049711851,0.9717431760115114,0.001239661788580646,27
4.406549167633057,0.2004547066033984,0.12384247779846191,0.003143289442853774,0.8,0.05,7,200,1.0,1.0,"{'colsample_bytree': 0.8, 'learning_rate': 0.05, 'max_depth': 7, 'n_estimators': 200, 'scale_pos_weight': 1, 'subsample': 1}",0.9711446959411428,0.970169652488606,0.9720261286582963,0.9703461329666279,0.9727470601371149,0.9712867340383576,0.0009830598257177354,34
4.482176876068115,0.2508965172975869,0.11876120567321777,0.021358389170746478,0.8,0.05,7,200,0.09608346534112634,0.8,"{'colsample_bytree': 0.8, 'learning_rate': 0.05, 'max_depth': 7, 'n_estimators': 200, 'scale_pos_weight': np.float64(0.09608346534112634), 'subsample': 0.8}",0.9700331523724689,0.9675768961842774,0.9707453398636579,0.9683565878312609,0.971627005784784,0.96966779640729,0.0014982802100381404,43
3.9465527534484863,0.20685221485319563,0.12779483795166016,0.02051298002212237,0.8,0.05,7,200,0.09608346534112634,1.0,"{'colsample_bytree': 0.8, 'learning_rate': 0.05, 'max_depth': 7, 'n_estimators': 200, 'scale_pos_weight': np.float64(0.09608346534112634), 'subsample': 1}",0.9700868573361949,0.9682139713164772,0.9697380734328853,0.967660586419417,0.9712780893060549,0.969395515562206,0.0013073185670959449,45
6.981354856491089,0.053889665649685684,0.176837158203125,0.021788134511019172,0.8,0.05,7,300,1.0,0.8,"{'colsample_bytree': 0.8, 'learning_rate': 0.05, 'max_depth': 7, 'n_estimators': 300, 'scale_pos_weight': 1, 'subsample': 0.8}",0.9731819788220443,0.9725193192418471,0.974072175890917,0.9724915716772553,0.975871453692818,0.9736272998649763,0.0012609481742217102,11
6.412241506576538,0.5658234421847625,0.20639357566833497,0.02898667194735909,0.8,0.05,7,300,1.0,1.0,"{'colsample_bytree': 0.8, 'learning_rate': 0.05, 'max_depth': 7, 'n_estimators': 300, 'scale_pos_weight': 1, 'subsample': 1}",0.9725502741862169,0.9719829409166334,0.9742257198740142,0.9723746142006964,0.9749887356644122,0.9732244569683945,0.0011690443946887645,17
6.540863561630249,0.5343401001930596,0.17220449447631836,0.019759888641161596,0.8,0.05,7,300,0.09608346534112634,0.8,"{'colsample_bytree': 0.8, 'learning_rate': 0.05, 'max_depth': 7, 'n_estimators': 300, 'scale_pos_weight': np.float64(0.09608346534112634), 'subsample': 0.8}",0.9712465861917675,0.9699519609099471,0.9726547750948004,0.9700576179670553,0.9736189596282782,0.9715059799583697,0.0014397517937359907,30
5.268114900588989,0.07414193389343621,0.14491968154907225,0.009509327949221248,0.8,0.05,7,300,0.09608346534112634,1.0,"{'colsample_bytree': 0.8, 'learning_rate': 0.05, 'max_depth': 7, 'n_estimators': 300, 'scale_pos_weight': np.float64(0.09608346534112634), 'subsample': 1}",0.9714042699324855,0.9700105142384539,0.971476846223743,0.9689715096659237,0.9733692379444749,0.9710464756010161,0.0014891044380596018,35
1.3617629051208495,0.02788034031522811,0.03786969184875488,0.003826598003964026,0.8,0.1,3,100,1.0,0.8,"{'colsample_bytree': 0.8, 'learning_rate': 0.1, 'max_depth': 3, 'n_estimators': 100, 'scale_pos_weight': 1, 'subsample': 0.8}",0.9504470266918145,0.9462969010296584,0.9457123374175461,0.9502207945321187,0.9484176247849256,0.9482189368912127,0.0019487718095043364,102
0.9881256103515625,0.022326788131418366,0.034607648849487305,0.0022421659876400934,0.8,0.1,3,100,1.0,1.0,"{'colsample_bytree': 0.8, 'learning_rate': 0.1, 'max_depth': 3, 'n_estimators': 100, 'scale_pos_weight': 1, 'subsample': 1}",0.9476940132839228,0.9442119549934502,0.9445253458338599,0.9480366434934719,0.9477792564770023,0.9464494428163415,0.0017055830068290635,104
1.2970283508300782,0.08886140200343831,0.02816352844238281,0.0017656785134931106,0.8,0.1,3,100,0.09608346534112634,0.8,"{'colsample_bytree': 0.8, 'learning_rate': 0.1, 'max_depth': 3, 'n_estimators': 100, 'scale_pos_weight': np.float64(0.09608346534112634), 'subsample': 0.8}",0.9519768722557324,0.9498624630797022,0.9506758322143556,0.9519981304705405,0.9513867163732443,0.9511800028787152,0.0008169655084687417,98
0.9159384727478027,0.08460387755046275,0.02769322395324707,0.0024733206675149376,0.8,0.1,3,100,0.09608346534112634,1.0,"{'colsample_bytree': 0.8, 'learning_rate': 0.1, 'max_depth': 3, 'n_estimators': 100, 'scale_pos_weight': np.float64(0.09608346534112634), 'subsample': 1}",0.9535469592473308,0.9461591701747694,0.950027568548046,0.9531972802612927,0.9547939960251948,0.9515449948513268,0.003117807151802452,97
1.9806704998016358,0.07651052456000668,0.04164166450500488,0.001354018757564274,0.8,0.1,3,200,1.0,0.8,"{'colsample_bytree': 0.8, 'learning_rate': 0.1, 'max_depth': 3, 'n_estimators': 200, 'scale_pos_weight': 1, 'subsample': 0.8}",0.9616731542760116,0.9605319610919473,0.9595794438880842,0.9615095033171019,0.9629423690552232,0.9612472863256738,0.0011328561522422785,82
1.3915876388549804,0.07962784201109882,0.04299807548522949,0.002123089037281569,0.8,0.1,3,200,1.0,1.0,"{'colsample_bytree': 0.8, 'learning_rate': 0.1, 'max_depth': 3, 'n_estimators': 200, 'scale_pos_weight': 1, 'subsample': 1}",0.9605434852820801,0.9588813166547596,0.95975939281168,0.9608026863222856,0.9611135139869885,0.9602200790115587,0.0008058244687755772,88
1.9184774875640869,0.11202094874366098,0.03899741172790527,0.001809793500574029,0.8,0.1,3,200,0.09608346534112634,0.8,"{'colsample_bytree': 0.8, 'learning_rate': 0.1, 'max_depth': 3, 'n_estimators': 200, 'scale_pos_weight': np.float64(0.09608346534112634), 'subsample': 0.8}",0.9616298919441212,0.9593749547796747,0.9621741022432116,0.961857988859502,0.9624478872926281,0.9614969650238276,0.0010966953293900202,81
1.5989484310150146,0.1747084268471166,0.04957356452941895,0.007977914471738538,0.8,0.1,3,200,0.09608346534112634,1.0,"{'colsample_bytree': 0.8, 'learning_rate': 0.1, 'max_depth': 3, 'n_estimators': 200, 'scale_pos_weight': np.float64(0.09608346534112634), 'subsample': 1}",0.9616057993006719,0.9588292526760362,0.9601623665151938,0.9610870988593513,0.9632711406714999,0.9609911316045506,0.001479597209439847,84
2.78273491859436,0.21688091895279785,0.05340933799743652,0.0021509998680988196,0.8,0.1,3,300,1.0,0.8,"{'colsample_bytree': 0.8, 'learning_rate': 0.1, 'max_depth': 3, 'n_estimators': 300, 'scale_pos_weight': 1, 'subsample': 0.8}",0.9653368770653104,0.9643140212770116,0.9644488058179184,0.9648926922611595,0.9668374528209187,0.9651659698484636,0.0009097126863804215,68
1.9646446228027343,0.12421753479077877,0.05478262901306152,0.0014356589133586017,0.8,0.1,3,300,1.0,1.0,"{'colsample_bytree': 0.8, 'learning_rate': 0.1, 'max_depth': 3, 'n_estimators': 300, 'scale_pos_weight': 1, 'subsample': 1}",0.9661268621636746,0.963849771701691,0.9638278421748361,0.9650766317619212,0.9662019943264607,0.9650166204257167,0.0010407765404993703,71
2.764059638977051,0.12343637117571504,0.06032571792602539,0.0041582141883380625,0.8,0.1,3,300,0.09608346534112634,0.8,"{'colsample_bytree': 0.8, 'learning_rate': 0.1, 'max_depth': 3, 'n_estimators': 300, 'scale_pos_weight': np.float64(0.09608346534112634), 'subsample': 0.8}",0.9644579058256609,0.9633782868743129,0.9644048721739813,0.964588065772469,0.9664448518349097,0.9646547964962668,0.0009939271626115066,74
1.9699434280395507,0.07587693646879709,0.05958395004272461,0.0020124678383869076,0.8,0.1,3,300,0.09608346534112634,1.0,"{'colsample_bytree': 0.8, 'learning_rate': 0.1, 'max_depth': 3, 'n_estimators': 300, 'scale_pos_weight': np.float64(0.09608346534112634), 'subsample': 1}",0.964338486871598,0.9630879444141691,0.9642883622387868,0.963644350215439,0.9662635480728418,0.964324538362567,0.001072667929797791,75
1.46584210395813,0.05721867293443351,0.041300201416015626,0.0038645590263001067,0.8,0.1,5,100,1.0,0.8,"{'colsample_bytree': 0.8, 'learning_rate': 0.1, 'max_depth': 5, 'n_estimators': 100, 'scale_pos_weight': 1, 'subsample': 0.8}",0.9658862340900909,0.9630390505201101,0.9651420473913486,0.9641279186596554,0.9657459370237279,0.9647882375369866,0.0010717875153542719,72
1.2198151111602784,0.05472931857592061,0.04376454353332519,0.0031596295930034083,0.8,0.1,5,100,1.0,1.0,"{'colsample_bytree': 0.8, 'learning_rate': 0.1, 'max_depth': 5, 'n_estimators': 100, 'scale_pos_weight': 1, 'subsample': 1}",0.9658623652173238,0.9628312421465814,0.9645081796389267,0.9645057181614225,0.9657602249539484,0.9646935460236407,0.0010992504701660894,73
1.5582022666931152,0.07764235744232999,0.04401936531066895,0.0015119495030213243,0.8,0.1,5,100,0.09608346534112634,0.8,"{'colsample_bytree': 0.8, 'learning_rate': 0.1, 'max_depth': 5, 'n_estimators': 100, 'scale_pos_weight': np.float64(0.09608346534112634), 'subsample': 0.8}",0.9654429443686691,0.960966710232332,0.9635838948361335,0.963855850805224,0.9652583940470888,0.9638215588578894,0.001606312991619243,78
1.2018191337585449,0.00901416068373422,0.03989777565002441,0.003137831187935529,0.8,0.1,5,100,0.09608346534112634,1.0,"{'colsample_bytree': 0.8, 'learning_rate': 0.1, 'max_depth': 5, 'n_estimators': 100, 'scale_pos_weight': np.float64(0.09608346534112634), 'subsample': 1}",0.964494268561517,0.9605371451127512,0.9637066330553156,0.9638617061380745,0.9646945617302377,0.9634588629195793,0.0015072573791894718,80
3.045031213760376,0.16347433183961707,0.07093172073364258,0.006106849269265299,0.8,0.1,5,200,1.0,0.8,"{'colsample_bytree': 0.8, 'learning_rate': 0.1, 'max_depth': 5, 'n_estimators': 200, 'scale_pos_weight': 1, 'subsample': 0.8}",0.9702205230236909,0.9686373454471842,0.9693097763471704,0.9689450674303115,0.9713404264637537,0.9696906277424221,0.0009811153232663053,42
2.254581928253174,0.10349056350761575,0.06545810699462891,0.005157322221497045,0.8,0.1,5,200,1.0,1.0,"{'colsample_bytree': 0.8, 'learning_rate': 0.1, 'max_depth': 5, 'n_estimators': 200, 'scale_pos_weight': 1, 'subsample': 1}",0.9699851162660251,0.9687786193378743,0.9692018815832402,0.9684578067698388,0.9717287746454673,0.9696304397204891,0.0011673159801465416,44
2.707400321960449,0.04929306545464544,0.06596860885620118,0.003664608023499483,0.8,0.1,5,200,0.09608346534112634,0.8,"{'colsample_bytree': 0.8, 'learning_rate': 0.1, 'max_depth': 5, 'n_estimators': 200, 'scale_pos_weight': np.float64(0.09608346534112634), 'subsample': 0.8}",0.968851568580269,0.9672580975523813,0.9683000484388937,0.9678951726845814,0.9707585383812976,0.9686126851274846,0.0011924114050370356,51
2.21799955368042,0.10404725215309689,0.06695575714111328,0.002255902320536053,0.8,0.1,5,200,0.09608346534112634,1.0,"{'colsample_bytree': 0.8, 'learning_rate': 0.1, 'max_depth': 5, 'n_estimators': 200, 'scale_pos_weight': np.float64(0.09608346534112634), 'subsample': 1}",0.9689317157796075,0.9660731571999485,0.9676850520140032,0.9669903186360251,0.9703365408182292,0.9680033568895627,0.0014939098240814228,54
4.155085659027099,0.20797106847459665,0.10023760795593262,0.004727248889681411,0.8,0.1,5,300,1.0,0.8,"{'colsample_bytree': 0.8, 'learning_rate': 0.1, 'max_depth': 5, 'n_estimators': 300, 'scale_pos_weight': 1, 'subsample': 0.8}",0.9718283899654662,0.9711411902004553,0.971334901021006,0.9708090399178553,0.9733823694103694,0.9716991781030304,0.0009040158143650885,28
3.0975198268890383,0.1105400601147529,0.09648351669311524,0.0026806887043677938,0.8,0.1,5,300,1.0,1.0,"{'colsample_bytree': 0.8, 'learning_rate': 0.1, 'max_depth': 5, 'n_estimators': 300, 'scale_pos_weight': 1, 'subsample': 1}",0.9711881074534882,0.97127575097068,0.9708717702990965,0.9704931503048279,0.9735778491867555,0.9714813256429696,0.0010836694180730647,31
4.143115091323852,0.19264314179558395,0.10105295181274414,0.0056971170821210285,0.8,0.1,5,300,0.09608346534112634,0.8,"{'colsample_bytree': 0.8, 'learning_rate': 0.1, 'max_depth': 5, 'n_estimators': 300, 'scale_pos_weight': np.float64(0.09608346534112634), 'subsample': 0.8}",0.97024290009191,0.9696353626897594,0.9701480213226608,0.9693201443887787,0.9727898120118741,0.9704272481009968,0.0012285292954839792,39
3.185641956329346,0.09944820762957524,0.09368891716003418,0.0062869367542662475,0.8,0.1,5,300,0.09608346534112634,1.0,"{'colsample_bytree': 0.8, 'learning_rate': 0.1, 'max_depth': 5, 'n_estimators': 300, 'scale_pos_weight': np.float64(0.09608346534112634), 'subsample': 1}",0.9702054557977566,0.9694233026732689,0.9693575886829321,0.9689681531056908,0.9723715449788894,0.9700652090477077,0.0012210779412031032,40
2.4863205432891844,0.09451352616003551,0.060000276565551756,0.0049102097388367145,0.8,0.1,7,100,1.0,0.8,"{'colsample_bytree': 0.8, 'learning_rate': 0.1, 'max_depth': 7, 'n_estimators': 100, 'scale_pos_weight': 1, 'subsample': 0.8}",0.9717039734661675,0.9698536136951238,0.9722922665896497,0.970081039298458,0.9728280872505329,0.9713517960599864,0.0011872087067765667,32
2.239326238632202,0.028041542508490794,0.060426521301269534,0.008131379708330434,0.8,0.1,7,100,1.0,1.0,"{'colsample_bytree': 0.8, 'learning_rate': 0.1, 'max_depth': 7, 'n_estimators': 100, 'scale_pos_weight': 1, 'subsample': 1}",0.9712453181579017,0.9697999833216252,0.9715750069629978,0.969577629853754,0.9719996857401458,0.9708395248072849,0.0009720700601364216,37
2.305994415283203,0.11573132581218694,0.05691142082214355,0.004207435461150589,0.8,0.1,7,100,0.09608346534112634,0.8,"{'colsample_bytree': 0.8, 'learning_rate': 0.1, 'max_depth': 7, 'n_estimators': 100, 'scale_pos_weight': np.float64(0.09608346534112634), 'subsample': 0.8}",0.9689699432711484,0.9670197817758472,0.9693463255585949,0.967359614851869,0.9712152298741445,0.9687821790663207,0.0015101646300002358,50
2.0158713340759276,0.10574015821319328,0.05489382743835449,0.0031590363146070284,0.8,0.1,7,100,0.09608346534112634,1.0,"{'colsample_bytree': 0.8, 'learning_rate': 0.1, 'max_depth': 7, 'n_estimators': 100, 'scale_pos_weight': np.float64(0.09608346534112634), 'subsample': 1}",0.9691980401865292,0.9682886361341019,0.9692553254811703,0.9678622038040717,0.9708329251511666,0.9690874261514079,0.001022392067654948,46
4.663710594177246,0.2002244046488888,0.10910449028015137,0.004314439388916237,0.8,0.1,7,200,1.0,0.8,"{'colsample_bytree': 0.8, 'learning_rate': 0.1, 'max_depth': 7, 'n_estimators': 200, 'scale_pos_weight': 1, 'subsample': 0.8}",0.9740795976185429,0.9734684052952497,0.9750963370081949,0.9728596744494609,0.9769674088208087,0.9744942846384514,0.0014404967544923049,4
4.0163952827453615,0.19226479099794003,0.11918535232543945,0.002374654077616501,0.8,0.1,7,200,1.0,1.0,"{'colsample_bytree': 0.8, 'learning_rate': 0.1, 'max_depth': 7, 'n_estimators': 200, 'scale_pos_weight': 1, 'subsample': 1}",0.9736868054810688,0.9730110180208497,0.9747230129200716,0.9719848802625457,0.9757552103754098,0.9738321854119892,0.001311456151218244,8
4.073496150970459,0.19533714711125608,0.10653691291809082,0.008962712288804695,0.8,0.1,7,200,0.09608346534112634,0.8,"{'colsample_bytree': 0.8, 'learning_rate': 0.1, 'max_depth': 7, 'n_estimators': 200, 'scale_pos_weight': np.float64(0.09608346534112634), 'subsample': 0.8}",0.9716800300031732,0.9711975058221403,0.972564371739195,0.9709274891989621,0.9744331478190463,0.9721605089165033,0.0012654299925841453,22
3.678729200363159,0.15678196192059204,0.11090435981750488,0.007204197217713445,0.8,0.1,7,200,0.09608346534112634,1.0,"{'colsample_bytree': 0.8, 'learning_rate': 0.1, 'max_depth': 7, 'n_estimators': 200, 'scale_pos_weight': np.float64(0.09608346534112634), 'subsample': 1}",0.9716856988604552,0.9714094166581757,0.9726218062142908,0.9698635341953676,0.9744597091932423,0.9720080330243064,0.0015131787508669869,24
6.8211194515228275,0.26400570473318175,0.1778247833251953,0.007347985548840367,0.8,0.1,7,300,1.0,0.8,"{'colsample_bytree': 0.8, 'learning_rate': 0.1, 'max_depth': 7, 'n_estimators': 300, 'scale_pos_weight': 1, 'subsample': 0.8}",0.9744984217453784,0.9740252959329978,0.9755910193962937,0.9734875003934634,0.9779209323102032,0.9751046339556673,0.001569438879835998,1
5.626762390136719,0.25877778319029915,0.16884875297546387,0.015740638797897215,0.8,0.1,7,300,1.0,1.0,"{'colsample_bytree': 0.8, 'learning_rate': 0.1, 'max_depth': 7, 'n_estimators': 300, 'scale_pos_weight': 1, 'subsample': 1}",0.9739348179871649,0.9734535618399975,0.9756599780615224,0.9729708138882827,0.9765142240262403,0.9745066791606416,0.0013531665211476054,3
6.195515823364258,0.33089741604738343,0.15322504043579102,0.011422048265469232,0.8,0.1,7,300,0.09608346534112634,0.8,"{'colsample_bytree': 0.8, 'learning_rate': 0.1, 'max_depth': 7, 'n_estimators': 300, 'scale_pos_weight': np.float64(0.09608346534112634), 'subsample': 0.8}",0.9725865623318457,0.9730072885094799,0.9735449348685594,0.9719879384618689,0.9760692463978562,0.973439194113922,0.0014105334096000575,13
4.75676908493042,0.03907266370002845,0.12757139205932616,0.006014176480616886,0.8,0.1,7,300,0.09608346534112634,1.0,"{'colsample_bytree': 0.8, 'learning_rate': 0.1, 'max_depth': 7, 'n_estimators': 300, 'scale_pos_weight': np.float64(0.09608346534112634), 'subsample': 1}",0.9727007972651046,0.9722311771934113,0.9736332496977976,0.9714346281550361,0.9754765397781573,0.9730952784179013,0.001387073492319175,18
1.2385522842407226,0.06849436566537408,0.034126663208007814,0.0033252717808078688,0.8,0.2,3,100,1.0,0.8,"{'colsample_bytree': 0.8, 'learning_rate': 0.2, 'max_depth': 3, 'n_estimators': 100, 'scale_pos_weight': 1, 'subsample': 0.8}",0.9598403232084062,0.9591368627738226,0.9608322240523349,0.9607528600503843,0.9609294123273576,0.960298336482461,0.0006998116415356725,87
0.9487253189086914,0.054234334287444626,0.03545069694519043,0.007261467858918388,0.8,0.2,3,100,1.0,1.0,"{'colsample_bytree': 0.8, 'learning_rate': 0.2, 'max_depth': 3, 'n_estimators': 100, 'scale_pos_weight': 1, 'subsample': 1}",0.9621758178184417,0.9580960307407212,0.9596735021648322,0.9611937628845295,0.960851929217519,0.9603982085652086,0.0014017050948620525,86
1.1637786388397218,0.07254350850196255,0.03067355155944824,0.004820485582863239,0.8,0.2,3,100,0.09608346534112634,0.8,"{'colsample_bytree': 0.8, 'learning_rate': 0.2, 'max_depth': 3, 'n_estimators': 100, 'scale_pos_weight': np.float64(0.09608346534112634), 'subsample': 0.8}",0.9616986641337815,0.9579118301741637,0.9605308049434226,0.9595085458769432,0.9625902443206223,0.9604480178897866,0.0016416430547857785,85
0.7822653770446777,0.043664107944623484,0.02935481071472168,0.007133667635591048,0.8,0.2,3,100,0.09608346534112634,1.0,"{'colsample_bytree': 0.8, 'learning_rate': 0.2, 'max_depth': 3, 'n_estimators': 100, 'scale_pos_weight': np.float64(0.09608346534112634), 'subsample': 1}",0.9621886473375542,0.958941660148724,0.9611542300640088,0.9617196239876801,0.9613003016282795,0.9610608926332492,0.001119190112245599,83
1.9727047443389893,0.23202442597049397,0.067573881149292,0.05537337278700134,0.8,0.2,3,200,1.0,0.8,"{'colsample_bytree': 0.8, 'learning_rate': 0.2, 'max_depth': 3, 'n_estimators': 200, 'scale_pos_weight': 1, 'subsample': 0.8}",0.966734175795143,0.9661769867964856,0.9668192086543758,0.966642355225217,0.9679016984431976,0.9668548849828837,0.0005685730873214074,61
1.3111383438110351,0.07138480536735659,0.041262149810791016,2.094666993826954e-05,0.8,0.2,3,200,1.0,1.0,"{'colsample_bytree': 0.8, 'learning_rate': 0.2, 'max_depth': 3, 'n_estimators': 200, 'scale_pos_weight': 1, 'subsample': 1}",0.9677061610483566,0.9658004553285842,0.9654847148960114,0.9666652544250279,0.9680526356903842,0.9667418442776728,0.0010119816602182927,63
4.25287504196167,0.9587149536091593,0.07837376594543458,0.04851324283735358,0.8,0.2,3,200,0.09608346534112634,0.8,"{'colsample_bytree': 0.8, 'learning_rate': 0.2, 'max_depth': 3, 'n_estimators': 200, 'scale_pos_weight': np.float64(0.09608346534112634), 'subsample': 0.8}",0.9660830777001924,0.9646449035257457,0.9656516478249266,0.9652374482921896,0.9679913803864099,0.9659216915458929,0.0011385040603549168,66
4.417424488067627,0.2818301904307926,0.08755435943603515,0.04058168423535913,0.8,0.2,3,200,0.09608346534112634,1.0,"{'colsample_bytree': 0.8, 'learning_rate': 0.2, 'max_depth': 3, 'n_estimators': 200, 'scale_pos_weight': np.float64(0.09608346534112634), 'subsample': 1}",0.9662303188090745,0.9651046030971951,0.9662726860582362,0.9658732553905239,0.9676033679524039,0.9662168462614869,0.0008100471017102135,65
4.74802975654602,1.099035249062265,0.055419206619262695,0.0016606638897369067,0.8,0.2,3,300,1.0,0.8,"{'colsample_bytree': 0.8, 'learning_rate': 0.2, 'max_depth': 3, 'n_estimators': 300, 'scale_pos_weight': 1, 'subsample': 0.8}",0.9680625531548608,0.9685752117877622,0.9685388863470198,0.9686744167902005,0.971139798555852,0.968998173327139,0.0010914763411218095,47
1.8651089668273926,0.07770235200062783,0.05444846153259277,0.004740992364634951,0.8,0.2,3,300,1.0,1.0,"{'colsample_bytree': 0.8, 'learning_rate': 0.2, 'max_depth': 3, 'n_estimators': 300, 'scale_pos_weight': 1, 'subsample': 1}",0.9690649712208524,0.9683685968578718,0.9673977304580692,0.9684845846614745,0.97076532794605,0.9688162422288634,0.0011120575532277827,49
2.769898557662964,0.10773328654345975,0.057976293563842776,0.0036101965186517,0.8,0.2,3,300,0.09608346534112634,0.8,"{'colsample_bytree': 0.8, 'learning_rate': 0.2, 'max_depth': 3, 'n_estimators': 300, 'scale_pos_weight': np.float64(0.09608346534112634), 'subsample': 0.8}",0.9678627259356636,0.9671297277710306,0.9670810949427678,0.9669442964657211,0.9701375543435645,0.9678310798917495,0.001196794295991207,56
1.9357158184051513,0.07837521858131735,0.05481753349304199,0.0018718877330209337,0.8,0.2,3,300,0.09608346534112634,1.0,"{'colsample_bytree': 0.8, 'learning_rate': 0.2, 'max_depth': 3, 'n_estimators': 300, 'scale_pos_weight': np.float64(0.09608346534112634), 'subsample': 1}",0.96794880305808,0.96726816723308,0.9676978815331156,0.9679384350164716,0.9706345355613154,0.9682975644804126,0.0011942630082732073,52
1.3885507106781005,0.08042576627485194,0.03910365104675293,0.0032937838521496865,0.8,0.2,5,100,1.0,0.8,"{'colsample_bytree': 0.8, 'learning_rate': 0.2, 'max_depth': 5, 'n_estimators': 100, 'scale_pos_weight': 1, 'subsample': 0.8}",0.9693613181943019,0.9689887400084526,0.9703491911659512,0.9681595950407047,0.9721685295317342,0.9698054747882289,0.0013749840831036228,41
1.1619970321655273,0.04359693769522044,0.04135308265686035,0.00174624524306105,0.8,0.2,5,100,1.0,1.0,"{'colsample_bytree': 0.8, 'learning_rate': 0.2, 'max_depth': 5, 'n_estimators': 100, 'scale_pos_weight': 1, 'subsample': 1}",0.9695717372257897,0.9674784370841129,0.969071087619499,0.9682893820363758,0.9705435852378745,0.9689908458407304,0.0010520746072073645,48
1.445561122894287,0.05994041267322378,0.03988404273986816,0.005796968999174192,0.8,0.2,5,100,0.09608346534112634,0.8,"{'colsample_bytree': 0.8, 'learning_rate': 0.2, 'max_depth': 5, 'n_estimators': 100, 'scale_pos_weight': np.float64(0.09608346534112634), 'subsample': 0.8}",0.968303479589354,0.9659441906967785,0.9684889108946635,0.9671219330922676,0.9698035599851704,0.9679324148516468,0.0013083177724437073,55
1.180097770690918,0.021428485031686484,0.04048442840576172,0.005310234739253335,0.8,0.2,5,100,0.09608346534112634,1.0,"{'colsample_bytree': 0.8, 'learning_rate': 0.2, 'max_depth': 5, 'n_estimators': 100, 'scale_pos_weight': np.float64(0.09608346534112634), 'subsample': 1}",0.9678686931538553,0.9665218920079705,0.9674867911895815,0.9667112765953321,0.9697257038223236,0.9676628713538126,0.0011433294435776256,57
2.838067388534546,0.1322057976858616,0.07034192085266114,0.011507073722560325,0.8,0.2,5,200,1.0,0.8,"{'colsample_bytree': 0.8, 'learning_rate': 0.2, 'max_depth': 5, 'n_estimators': 200, 'scale_pos_weight': 1, 'subsample': 0.8}",0.9712833591738745,0.9712488238985895,0.9723676027193211,0.9713199083852992,0.9748331725599219,0.9722105733474014,0.0013770008753631212,21
2.140737247467041,0.05362710655223676,0.06759066581726074,0.006284564580507509,0.8,0.2,5,200,1.0,1.0,"{'colsample_bytree': 0.8, 'learning_rate': 0.2, 'max_depth': 5, 'n_estimators': 200, 'scale_pos_weight': 1, 'subsample': 1}",0.9719934581386964,0.9706498643725895,0.9716192389678442,0.970840516993817,0.9743030642350275,0.971881228541595,0.0013073530806628083,26
2.826299285888672,0.14530924981959473,0.07183604240417481,0.005874190980305007,0.8,0.2,5,200,0.09608346534112634,0.8,"{'colsample_bytree': 0.8, 'learning_rate': 0.2, 'max_depth': 5, 'n_estimators': 200, 'scale_pos_weight': np.float64(0.09608346534112634), 'subsample': 0.8}",0.9702866845553921,0.9691317294743731,0.9709192842739482,0.9705210097547609,0.9728004813279134,0.9707318378772776,0.001193095030226718,38
2.2025081157684325,0.126832432576569,0.0669870376586914,0.002854762535426096,0.8,0.2,5,200,0.09608346534112634,1.0,"{'colsample_bytree': 0.8, 'learning_rate': 0.2, 'max_depth': 5, 'n_estimators': 200, 'scale_pos_weight': np.float64(0.09608346534112634), 'subsample': 1}",0.9701960574291045,0.9703682862641649,0.9697988271731004,0.97079113826328,0.9733519282848866,0.9709012474829073,0.0012660672687955597,36
4.085840225219727,0.061272363863381966,0.09719734191894532,0.00317601518215398,0.8,0.2,5,300,1.0,0.8,"{'colsample_bytree': 0.8, 'learning_rate': 0.2, 'max_depth': 5, 'n_estimators': 300, 'scale_pos_weight': 1, 'subsample': 0.8}",0.9715921627152992,0.9717069570752634,0.9726462718088772,0.9710524278298525,0.9752338314909116,0.9724463301840409,0.0014852190828830466,19
3.2347126960754395,0.16140933358394682,0.0986849308013916,0.005817218407116882,0.8,0.2,5,300,1.0,1.0,"{'colsample_bytree': 0.8, 'learning_rate': 0.2, 'max_depth': 5, 'n_estimators': 300, 'scale_pos_weight': 1, 'subsample': 1}",0.971755664493754,0.971136267245447,0.9723112498025224,0.9712265214205977,0.9750448428368712,0.9722949091598384,0.001437851904872501,20
4.124478721618653,0.12053659232115789,0.10344166755676269,0.009450251124056229,0.8,0.2,5,300,0.09608346534112634,0.8,"{'colsample_bytree': 0.8, 'learning_rate': 0.2, 'max_depth': 5, 'n_estimators': 300, 'scale_pos_weight': np.float64(0.09608346534112634), 'subsample': 0.8}",0.97086908505091,0.9703589624857402,0.9714226191284251,0.9710201302613894,0.973070049431762,0.9713481692716452,0.0009258591053790061,33
3.2493717670440674,0.181028564110309,0.10890169143676758,0.01832961382491167,0.8,0.2,5,300,0.09608346534112634,1.0,"{'colsample_bytree': 0.8, 'learning_rate': 0.2, 'max_depth': 5, 'n_estimators': 300, 'scale_pos_weight': np.float64(0.09608346534112634), 'subsample': 1}",0.970369628888258,0.9714738999097609,0.970352920677321,0.9715700840079895,0.9739164694024534,0.9715366005771564,0.0012985953309185474,29
2.325958728790283,0.12804089297212318,0.05929341316223145,0.004642044547763062,0.8,0.2,7,100,1.0,0.8,"{'colsample_bytree': 0.8, 'learning_rate': 0.2, 'max_depth': 7, 'n_estimators': 100, 'scale_pos_weight': 1, 'subsample': 0.8}",0.9713436280776114,0.9725378176182415,0.9743724388513045,0.9732190501650607,0.9768123679905298,0.9736570605405497,0.0018581850715226479,10
2.0537500381469727,0.027117128086739443,0.054957342147827146,0.004402179802682664,0.8,0.2,7,100,1.0,1.0,"{'colsample_bytree': 0.8, 'learning_rate': 0.2, 'max_depth': 7, 'n_estimators': 100, 'scale_pos_weight': 1, 'subsample': 1}",0.972440887617739,0.9723185223496936,0.9741151025667839,0.9722093968470114,0.975472734637472,0.9733113288037399,0.0012864924400081987,15
2.2310662269592285,0.10924372502802655,0.05620555877685547,0.003502052182442211,0.8,0.2,7,100,0.09608346534112634,0.8,"{'colsample_bytree': 0.8, 'learning_rate': 0.2, 'max_depth': 7, 'n_estimators': 100, 'scale_pos_weight': np.float64(0.09608346534112634), 'subsample': 0.8}",0.9709596002918567,0.9712395747103922,0.972238785396606,0.9712057853373813,0.9745371923030808,0.9720361876078634,0.0013250864604038856,23
1.9175296783447267,0.08859140130061348,0.058240079879760744,0.002521892995735452,0.8,0.2,7,100,0.09608346534112634,1.0,"{'colsample_bytree': 0.8, 'learning_rate': 0.2, 'max_depth': 7, 'n_estimators': 100, 'scale_pos_weight': np.float64(0.09608346534112634), 'subsample': 1}",0.9716558627694963,0.9714123256770442,0.9718299563602417,0.9708821383407046,0.9739050166750963,0.9719370599645167,0.0010345629380648714,25
4.560431051254272,0.07043215975120787,0.10843291282653808,0.0015801588765401613,0.8,0.2,7,200,1.0,0.8,"{'colsample_bytree': 0.8, 'learning_rate': 0.2, 'max_depth': 7, 'n_estimators': 200, 'scale_pos_weight': 1, 'subsample': 0.8}",0.9722589993482306,0.9730996312109976,0.9751774911756032,0.9729561942037128,0.9785823552940437,0.9744149342465175,0.0023002126480324344,7
3.99831075668335,0.18973516519216568,0.10749449729919433,0.008223242316029318,0.8,0.2,7,200,1.0,1.0,"{'colsample_bytree': 0.8, 'learning_rate': 0.2, 'max_depth': 7, 'n_estimators': 200, 'scale_pos_weight': 1, 'subsample': 1}",0.9723954994643675,0.9737832506450936,0.9758573065081018,0.9732485133048826,0.9772921141592941,0.9745153368163478,0.0017969906753280184,2
4.2646383285522464,0.20206003745756226,0.11388888359069824,0.007833149585484398,0.8,0.2,7,200,0.09608346534112634,0.8,"{'colsample_bytree': 0.8, 'learning_rate': 0.2, 'max_depth': 7, 'n_estimators': 200, 'scale_pos_weight': np.float64(0.09608346534112634), 'subsample': 0.8}",0.9719728339408211,0.9721060893820662,0.9735355364999073,0.9725340881068717,0.976099911355144,0.973249691856962,0.001526809734934895,16
3.3863218784332276,0.10729772520104477,0.10513892173767089,0.009626207122515926,0.8,0.2,7,200,0.09608346534112634,1.0,"{'colsample_bytree': 0.8, 'learning_rate': 0.2, 'max_depth': 7, 'n_estimators': 200, 'scale_pos_weight': np.float64(0.09608346534112634), 'subsample': 1}",0.9722614608257347,0.973223600168932,0.973493989743247,0.9728314047532771,0.9754095394578541,0.973443998989809,0.0010665919796548837,12
7.218468093872071,0.14733179944858638,0.17953920364379883,0.016452252916209976,0.8,0.2,7,300,1.0,0.8,"{'colsample_bytree': 0.8, 'learning_rate': 0.2, 'max_depth': 7, 'n_estimators': 300, 'scale_pos_weight': 1, 'subsample': 0.8}",0.9717914678029046,0.9728656416676524,0.9753178699835647,0.9736688292362661,0.978660547204598,0.974460871178997,0.0023945574826360672,6
5.529583597183228,0.08665061315160927,0.15542988777160643,0.0076389761651371475,0.8,0.2,7,300,1.0,1.0,"{'colsample_bytree': 0.8, 'learning_rate': 0.2, 'max_depth': 7, 'n_estimators': 300, 'scale_pos_weight': 1, 'subsample': 1}",0.9719124531517429,0.9738941663132334,0.9757906228448087,0.9731417000992497,0.9776803131198043,0.9744838511057677,0.00203402097835501,5
5.882026338577271,0.6058085997152631,0.11543779373168946,0.022792754057177126,0.8,0.2,7,300,0.09608346534112634,0.8,"{'colsample_bytree': 0.8, 'learning_rate': 0.2, 'max_depth': 7, 'n_estimators': 300, 'scale_pos_weight': np.float64(0.09608346534112634), 'subsample': 0.8}",0.9715541216993264,0.9726418709854606,0.9738666425193238,0.9730342901717979,0.9759483026125424,0.97340904559769,0.0014715272551856457,14
4.2061906337738035,0.12967269856338354,0.10347509384155273,0.021001763809714167,0.8,0.2,7,300,0.09608346534112634,1.0,"{'colsample_bytree': 0.8, 'learning_rate': 0.2, 'max_depth': 7, 'n_estimators': 300, 'scale_pos_weight': np.float64(0.09608346534112634), 'subsample': 1}",0.9723544002490718,0.9735189774694251,0.9739889704922552,0.9730675574132169,0.9754929541105256,0.9736845719468988,0.001052652814139878,9
